app_id,country,date,ipad_users,iphone_users
1477376905,WW,2021-09-01T00:00:00Z,2547,18389
1477376905,WW,2021-09-02T00:00:00Z,2284,18436
1477376905,WW,2021-09-03T00:00:00Z,3218,17980
1477376905,WW,2021-09-04T00:00:00Z,2487,18108
1477376905,WW,2021-09-05T00:00:00Z,2509,18080
1477376905,WW,2021-09-06T00:00:00Z,2492,17767
1477376905,WW,2021-09-07T00:00:00Z,2092,19485
1477376905,WW,2021-09-08T00:00:00Z,2565,18814
1477376905,WW,2021-09-09T00:00:00Z,2303,19574
1477376905,WW,2021-09-10T00:00:00Z,2981,18645
1477376905,WW,2021-09-11T00:00:00Z,2402,17605
1477376905,WW,2021-09-12T00:00:00Z,2592,18131
1477376905,WW,2021-09-13T00:00:00Z,2519,18329
1477376905,WW,2021-09-14T00:00:00Z,2048,20557
1477376905,WW,2021-09-15T00:00:00Z,2612,20263
1477376905,WW,2021-09-16T00:00:00Z,2227,20483
1477376905,WW,2021-09-17T00:00:00Z,3078,19552
1477376905,WW,2021-09-18T00:00:00Z,2578,17397
1477376905,WW,2021-09-19T00:00:00Z,2783,18055
1477376905,WW,2021-09-20T00:00:00Z,2623,18037
1477376905,WW,2021-09-21T00:00:00Z,2159,19262
1477376905,WW,2021-09-22T00:00:00Z,2742,17840
1477376905,WW,2021-09-23T00:00:00Z,2319,17933
1477376905,WW,2021-09-24T00:00:00Z,2730,17969
1477376905,WW,2021-09-25T00:00:00Z,2245,16607
1477376905,WW,2021-09-26T00:00:00Z,2640,17853
1477376905,WW,2021-09-27T00:00:00Z,2649,18110
1477376905,WW,2021-09-28T00:00:00Z,1969,19778
1477376905,WW,2021-09-29T00:00:00Z,2564,19381
1477376905,WW,2021-09-30T00:00:00Z,2330,19413
1477376905,WW,2021-10-01T00:00:00Z,2789,18902
1477376905,WW,2021-10-02T00:00:00Z,2334,18136
1477376905,WW,2021-10-03T00:00:00Z,2607,18414
1477376905,WW,2021-10-04T00:00:00Z,2626,18001
1477376905,WW,2021-10-05T00:00:00Z,2059,19101
1477376905,WW,2021-10-06T00:00:00Z,2721,19302
1477376905,WW,2021-10-07T00:00:00Z,2310,19495
1477376905,WW,2021-10-08T00:00:00Z,2888,19093
1477376905,WW,2021-10-09T00:00:00Z,2259,18426
1477376905,WW,2021-10-10T00:00:00Z,2548,18090
1477376905,WW,2021-10-11T00:00:00Z,2651,17889
1477376905,WW,2021-10-12T00:00:00Z,2062,20628
1477376905,WW,2021-10-13T00:00:00Z,2746,20748
1477376905,WW,2021-10-14T00:00:00Z,2363,20755
1477376905,WW,2021-10-15T00:00:00Z,2981,19530
1477376905,WW,2021-10-16T00:00:00Z,2421,18651
1477376905,WW,2021-10-17T00:00:00Z,2617,17957
1477376905,WW,2021-10-18T00:00:00Z,2658,17734
1477376905,WW,2021-10-19T00:00:00Z,2132,20175
1477376905,WW,2021-10-20T00:00:00Z,2934,19540
1477376905,WW,2021-10-21T00:00:00Z,2526,20038
1477376905,WW,2021-10-22T00:00:00Z,3199,19547
1477376905,WW,2021-10-23T00:00:00Z,2397,18817
1477376905,WW,2021-10-24T00:00:00Z,2625,17885
1477376905,WW,2021-10-25T00:00:00Z,2576,17970
1477376905,WW,2021-10-26T00:00:00Z,2056,20386
1477376905,WW,2021-10-27T00:00:00Z,3022,19333
1477376905,WW,2021-10-28T00:00:00Z,2562,20278
1477376905,WW,2021-10-29T00:00:00Z,3321,19224
1477376905,WW,2021-10-30T00:00:00Z,2480,18625
1477376905,WW,2021-10-31T00:00:00Z,2485,18814
1477376905,WW,2021-11-01T00:00:00Z,2624,17475
1477376905,WW,2021-11-02T00:00:00Z,2212,19727
1477376905,WW,2021-11-03T00:00:00Z,2920,18806
1477376905,WW,2021-11-04T00:00:00Z,2599,19748
1477376905,WW,2021-11-05T00:00:00Z,3140,19112
1477376905,WW,2021-11-06T00:00:00Z,2512,19213
1477376905,WW,2021-11-07T00:00:00Z,2507,19375
1477376905,WW,2021-11-08T00:00:00Z,2632,17685
1477376905,WW,2021-11-09T00:00:00Z,2159,20499
1477376905,WW,2021-11-10T00:00:00Z,3156,19029
1477376905,WW,2021-11-11T00:00:00Z,2632,19341
1477376905,WW,2021-11-12T00:00:00Z,3178,18964
1477376905,WW,2021-11-13T00:00:00Z,2525,19201
1477376905,WW,2021-11-14T00:00:00Z,2544,19323
1477376905,WW,2021-11-15T00:00:00Z,2637,17753
1477376905,WW,2021-11-16T00:00:00Z,2082,20259
1477376905,WW,2021-11-17T00:00:00Z,2786,20521
1477376905,WW,2021-11-18T00:00:00Z,2684,19675
1477376905,WW,2021-11-19T00:00:00Z,3225,19570
1477376905,WW,2021-11-20T00:00:00Z,2667,20325
1477376905,WW,2021-11-21T00:00:00Z,2549,20366
1477376905,WW,2021-11-22T00:00:00Z,2753,17957
1477376905,WW,2021-11-23T00:00:00Z,2085,19827
1477376905,WW,2021-11-24T00:00:00Z,3071,19531
1477376905,WW,2021-11-25T00:00:00Z,2714,17936
1477376905,WW,2021-11-26T00:00:00Z,2928,17867
1477376905,WW,2021-11-27T00:00:00Z,2582,19655
1477376905,WW,2021-11-28T00:00:00Z,2544,19627
1477376905,WW,2021-11-29T00:00:00Z,2846,18175
1477376905,WW,2021-11-30T00:00:00Z,2229,20267
1477376905,WW,2021-12-01T00:00:00Z,2986,20166
1477376905,WW,2021-12-02T00:00:00Z,2635,18792
1477376905,WW,2021-12-03T00:00:00Z,2935,18978
1477376905,WW,2021-12-04T00:00:00Z,2427,19871
1477376905,WW,2021-12-05T00:00:00Z,2401,20728
1477376905,WW,2021-12-06T00:00:00Z,2841,19254
1477376905,WW,2021-12-07T00:00:00Z,2112,20937
1477376905,WW,2021-12-08T00:00:00Z,2790,19108
1477376905,WW,2021-12-09T00:00:00Z,2557,18036
1477376905,WW,2021-12-10T00:00:00Z,3050,18073
1477376905,WW,2021-12-11T00:00:00Z,2333,19381
1477376905,WW,2021-12-12T00:00:00Z,2504,20495
1477376905,WW,2021-12-13T00:00:00Z,2896,19437
1477376905,WW,2021-12-14T00:00:00Z,2112,22706
1477376905,WW,2021-12-15T00:00:00Z,2634,20403
1477376905,WW,2021-12-16T00:00:00Z,2573,19195
1477376905,WW,2021-12-17T00:00:00Z,3132,18508
1477376905,WW,2021-12-18T00:00:00Z,2334,18378
1477376905,WW,2021-12-19T00:00:00Z,2560,20034
1477376905,WW,2021-12-20T00:00:00Z,2755,18562
1477376905,WW,2021-12-21T00:00:00Z,2129,21692
1477376905,WW,2021-12-22T00:00:00Z,2627,21431
1477376905,WW,2021-12-23T00:00:00Z,2654,19105
1477376905,WW,2021-12-24T00:00:00Z,3050,18888
1477376905,WW,2021-12-25T00:00:00Z,2477,19406
1477376905,WW,2021-12-26T00:00:00Z,2663,19771
1477376905,WW,2021-12-27T00:00:00Z,3129,18742
1477376905,WW,2021-12-28T00:00:00Z,2110,22126
1477376905,WW,2021-12-29T00:00:00Z,3145,23110
1477376905,WW,2021-12-30T00:00:00Z,2764,21418
1477376905,WW,2021-12-31T00:00:00Z,3166,18619
1477376905,WW,2022-01-01T00:00:00Z,2854,19959
1477376905,WW,2022-01-02T00:00:00Z,2594,21366
1477376905,WW,2022-01-03T00:00:00Z,2937,20549
1477376905,WW,2022-01-04T00:00:00Z,2241,22419
1477376905,WW,2022-01-05T00:00:00Z,3226,21963
1477376905,WW,2022-01-06T00:00:00Z,2693,20924
1477376905,WW,2022-01-07T00:00:00Z,2928,18901
1477376905,WW,2022-01-08T00:00:00Z,2680,20537
1477376905,WW,2022-01-09T00:00:00Z,2675,21157
1477376905,WW,2022-01-10T00:00:00Z,3036,19750
1477376905,WW,2022-01-11T00:00:00Z,2294,22762
1477376905,WW,2022-01-12T00:00:00Z,3140,21568
1477376905,WW,2022-01-13T00:00:00Z,2779,22153
1477376905,WW,2022-01-14T00:00:00Z,3386,19064
1477376905,WW,2022-01-15T00:00:00Z,2746,19704
1477376905,WW,2022-01-16T00:00:00Z,2596,21156
1477376905,WW,2022-01-17T00:00:00Z,2769,19338
1477376905,WW,2022-01-18T00:00:00Z,2134,21761
1477376905,WW,2022-01-19T00:00:00Z,3066,21132
1477376905,WW,2022-01-20T00:00:00Z,2624,20358
1477376905,WW,2022-01-21T00:00:00Z,3172,19990
1477376905,WW,2022-01-22T00:00:00Z,2571,19226
1477376905,WW,2022-01-23T00:00:00Z,2810,22210
1477376905,WW,2022-01-24T00:00:00Z,3084,20561
1477376905,WW,2022-01-25T00:00:00Z,2316,22157
1477376905,WW,2022-01-26T00:00:00Z,3222,21484
1477376905,WW,2022-01-27T00:00:00Z,2837,21564
1477376905,WW,2022-01-28T00:00:00Z,3246,20792
1477376905,WW,2022-01-29T00:00:00Z,2879,20902
1477376905,WW,2022-01-30T00:00:00Z,2661,22379
1477376905,WW,2022-01-31T00:00:00Z,2872,20180
1477376905,WW,2022-02-01T00:00:00Z,2366,22677
1477376905,WW,2022-02-02T00:00:00Z,3526,22913
1477376905,WW,2022-02-03T00:00:00Z,2753,20625
1477376905,WW,2022-02-04T00:00:00Z,3221,21615
1477376905,WW,2022-02-05T00:00:00Z,2673,21192
1477376905,WW,2022-02-06T00:00:00Z,2636,23015
1477376905,WW,2022-02-07T00:00:00Z,2775,18571
1477376905,WW,2022-02-08T00:00:00Z,2422,21247
1477376905,WW,2022-02-09T00:00:00Z,3197,20832
1477376905,WW,2022-02-10T00:00:00Z,2612,19489
1477376905,WW,2022-02-11T00:00:00Z,2875,18872
1477376905,WW,2022-02-12T00:00:00Z,2562,20384
1477376905,WW,2022-02-13T00:00:00Z,2609,22412
1477376905,WW,2022-02-14T00:00:00Z,2892,19377
1477376905,WW,2022-02-15T00:00:00Z,2466,21322
1477376905,WW,2022-02-16T00:00:00Z,3180,21453
1477376905,WW,2022-02-17T00:00:00Z,2567,20774
1477376905,WW,2022-02-18T00:00:00Z,3264,20118
1477376905,WW,2022-02-19T00:00:00Z,2583,20333
1477376905,WW,2022-02-20T00:00:00Z,2733,23330
1477376905,WW,2022-02-21T00:00:00Z,2966,20206
1477376905,WW,2022-02-22T00:00:00Z,2551,20648
1477376905,WW,2022-02-23T00:00:00Z,3151,19809
1477376905,WW,2022-02-24T00:00:00Z,2498,19638
1477376905,WW,2022-02-25T00:00:00Z,3330,19769
1477376905,WW,2022-02-26T00:00:00Z,2648,19573
1477376905,WW,2022-02-27T00:00:00Z,2712,23188
1477376905,WW,2022-02-28T00:00:00Z,2899,19922
1477376905,WW,2022-03-01T00:00:00Z,2640,21717
1477376905,WW,2022-03-02T00:00:00Z,3279,20086
1477376905,WW,2022-03-03T00:00:00Z,2593,21401
1477376905,WW,2022-03-04T00:00:00Z,3458,21046
1477376905,WW,2022-03-05T00:00:00Z,2698,19536
1477376905,WW,2022-03-06T00:00:00Z,2487,22635
1477376905,WW,2022-03-07T00:00:00Z,2544,18930
1477376905,WW,2022-03-08T00:00:00Z,2457,21551
1477376905,WW,2022-03-09T00:00:00Z,3074,20189
1477376905,WW,2022-03-10T00:00:00Z,2466,20600
1477376905,WW,2022-03-11T00:00:00Z,3159,21433
1477376905,WW,2022-03-12T00:00:00Z,2694,21386
1477376905,WW,2022-03-13T00:00:00Z,2568,21524
1477376905,WW,2022-03-14T00:00:00Z,2914,19938
1477376905,WW,2022-03-15T00:00:00Z,2619,23207
1477376905,WW,2022-03-16T00:00:00Z,3219,22329
1477376905,WW,2022-03-17T00:00:00Z,2658,21433
1477376905,WW,2022-03-18T00:00:00Z,3168,22007
1477376905,WW,2022-03-19T00:00:00Z,2831,22356
1477376905,WW,2022-03-20T00:00:00Z,2722,21639
1477376905,WW,2022-03-21T00:00:00Z,2934,20393
1477376905,WW,2022-03-22T00:00:00Z,2639,23716
1477376905,WW,2022-03-23T00:00:00Z,2971,22798
1477376905,WW,2022-03-24T00:00:00Z,2785,21456
1477376905,WW,2022-03-25T00:00:00Z,3359,22056
1477376905,WW,2022-03-26T00:00:00Z,2825,22114
1477376905,WW,2022-03-27T00:00:00Z,2699,21678
1477376905,WW,2022-03-28T00:00:00Z,3004,19656
1477376905,WW,2022-03-29T00:00:00Z,2903,25211
1477376905,WW,2022-03-30T00:00:00Z,3129,25015
1477376905,WW,2022-03-31T00:00:00Z,2667,21652
1477376905,WW,2022-04-01T00:00:00Z,3232,21885
1477376905,WW,2022-04-02T00:00:00Z,3021,23430
1477376905,WW,2022-04-03T00:00:00Z,2707,20827
1477376905,WW,2022-04-04T00:00:00Z,2609,19298
1477376905,WW,2022-04-05T00:00:00Z,2576,23777
1477376905,WW,2022-04-06T00:00:00Z,3198,25063
1477376905,WW,2022-04-07T00:00:00Z,3005,22201
1477376905,WW,2022-04-08T00:00:00Z,3305,21992
1477376905,WW,2022-04-09T00:00:00Z,3106,22482
1477376905,WW,2022-04-10T00:00:00Z,2834,21218
1477376905,WW,2022-04-11T00:00:00Z,2810,20821
1477376905,WW,2022-04-12T00:00:00Z,2770,24797
1477376905,WW,2022-04-13T00:00:00Z,3096,25483
1477376905,WW,2022-04-14T00:00:00Z,3015,23140
1477376905,WW,2022-04-15T00:00:00Z,3251,22500
1477376905,WW,2022-04-16T00:00:00Z,3294,22960
1477376905,WW,2022-04-17T00:00:00Z,3183,21798
1477376905,WW,2022-04-18T00:00:00Z,3046,22246
1477376905,WW,2022-04-19T00:00:00Z,3012,24736
1477376905,WW,2022-04-20T00:00:00Z,3337,25955
1477376905,WW,2022-04-21T00:00:00Z,3123,24560
1477376905,WW,2022-04-22T00:00:00Z,3400,25851
1477376905,WW,2022-04-23T00:00:00Z,3374,24443
1477376905,WW,2022-04-24T00:00:00Z,3290,22430
1477376905,WW,2022-04-25T00:00:00Z,3099,21827
1477376905,WW,2022-04-26T00:00:00Z,3036,24501
1477376905,WW,2022-04-27T00:00:00Z,3248,25629
1477376905,WW,2022-04-28T00:00:00Z,3166,26030
1477376905,WW,2022-04-29T00:00:00Z,3343,25680
1477376905,WW,2022-04-30T00:00:00Z,3507,25022
1477376905,WW,2022-05-01T00:00:00Z,3443,23064
1477376905,WW,2022-05-02T00:00:00Z,3201,22122
1477376905,WW,2022-05-03T00:00:00Z,2823,23553
1477376905,WW,2022-05-04T00:00:00Z,3129,24951
1477376905,WW,2022-05-05T00:00:00Z,2950,25750
1477376905,WW,2022-05-06T00:00:00Z,3398,27713
1477376905,WW,2022-05-07T00:00:00Z,3412,25092
1477376905,WW,2022-05-08T00:00:00Z,3245,23574
1477376905,WW,2022-05-09T00:00:00Z,3052,22368
1477376905,WW,2022-05-10T00:00:00Z,2640,24890
1477376905,WW,2022-05-11T00:00:00Z,3058,25470
1477376905,WW,2022-05-12T00:00:00Z,3017,25676
1477376905,WW,2022-05-13T00:00:00Z,3439,26069
1477376905,WW,2022-05-14T00:00:00Z,3499,24977
1477376905,WW,2022-05-15T00:00:00Z,3417,24020
1477376905,WW,2022-05-16T00:00:00Z,2938,21628
1477376905,WW,2022-05-17T00:00:00Z,2670,25375
1477376905,WW,2022-05-18T00:00:00Z,3098,28747
1477376905,WW,2022-05-19T00:00:00Z,3122,28883
1477376905,WW,2022-05-20T00:00:00Z,3496,28424
1477376905,WW,2022-05-21T00:00:00Z,3474,25041
1477376905,WW,2022-05-22T00:00:00Z,3651,24818
1477376905,WW,2022-05-23T00:00:00Z,3102,24172
1477376905,WW,2022-05-24T00:00:00Z,2820,25848
1477376905,WW,2022-05-25T00:00:00Z,3210,28936
1477376905,WW,2022-05-26T00:00:00Z,3308,28991
1477376905,WW,2022-05-27T00:00:00Z,3762,28665
1477376905,WW,2022-05-28T00:00:00Z,3477,26183
1477376905,WW,2022-05-29T00:00:00Z,3481,22446
1477376905,WW,2022-05-30T00:00:00Z,3014,22547
1477376905,WW,2022-05-31T00:00:00Z,2845,26543
1477376905,WW,2022-06-01T00:00:00Z,3156,29256
1477376905,WW,2022-06-02T00:00:00Z,3121,28026
1477376905,WW,2022-06-03T00:00:00Z,3573,29402
1477376905,WW,2022-06-04T00:00:00Z,3290,28350
1477376905,WW,2022-06-05T00:00:00Z,3732,24675
1477376905,WW,2022-06-06T00:00:00Z,3082,23824
1477376905,WW,2022-06-07T00:00:00Z,3050,26546
1477376905,WW,2022-06-08T00:00:00Z,3221,26327
1477376905,WW,2022-06-09T00:00:00Z,3261,27744
1477376905,WW,2022-06-10T00:00:00Z,3471,28175
1477376905,WW,2022-06-11T00:00:00Z,3391,27381
1477376905,WW,2022-06-12T00:00:00Z,3508,24247
1477376905,WW,2022-06-13T00:00:00Z,2997,23453
1477376905,WW,2022-06-14T00:00:00Z,2940,27441
1477376905,WW,2022-06-15T00:00:00Z,3388,29155
1477376905,WW,2022-06-16T00:00:00Z,3262,28690
1477376905,WW,2022-06-17T00:00:00Z,3660,30679
1477376905,WW,2022-06-18T00:00:00Z,3519,28192
1477376905,WW,2022-06-19T00:00:00Z,3704,25579
1477376905,WW,2022-06-20T00:00:00Z,3226,24139
1477376905,WW,2022-06-21T00:00:00Z,3115,27987
1477376905,WW,2022-06-22T00:00:00Z,3470,31012
1477376905,WW,2022-06-23T00:00:00Z,3220,28356
1477376905,WW,2022-06-24T00:00:00Z,3708,29782
1477376905,WW,2022-06-25T00:00:00Z,3689,26538
1477376905,WW,2022-06-26T00:00:00Z,3874,24970
1477376905,WW,2022-06-27T00:00:00Z,3113,24506
1477376905,WW,2022-06-28T00:00:00Z,2880,28392
1477376905,WW,2022-06-29T00:00:00Z,3423,30920
1477376905,WW,2022-06-30T00:00:00Z,3233,29923
1477376905,WW,2022-07-01T00:00:00Z,4057,31633
1477376905,WW,2022-07-02T00:00:00Z,3722,27175
1477376905,WW,2022-07-03T00:00:00Z,3817,24451
1477376905,WW,2022-07-04T00:00:00Z,3114,25110
1477376905,WW,2022-07-05T00:00:00Z,2844,28143
1477376905,WW,2022-07-06T00:00:00Z,3186,30558
1477376905,WW,2022-07-07T00:00:00Z,3016,29686
1477376905,WW,2022-07-08T00:00:00Z,3661,28639
1477376905,WW,2022-07-09T00:00:00Z,3542,25913
1477376905,WW,2022-07-10T00:00:00Z,3712,23461
1477376905,WW,2022-07-11T00:00:00Z,3113,25253
1477376905,WW,2022-07-12T00:00:00Z,2980,28891
1477376905,WW,2022-07-13T00:00:00Z,3470,30635
1477376905,WW,2022-07-14T00:00:00Z,3144,30686
1477376905,WW,2022-07-15T00:00:00Z,3698,29862
1477376905,WW,2022-07-16T00:00:00Z,3573,27761
1477376905,WW,2022-07-17T00:00:00Z,3572,23613
1477376905,WW,2022-07-18T00:00:00Z,3218,23979
1477376905,WW,2022-07-19T00:00:00Z,2935,27791
1477376905,WW,2022-07-20T00:00:00Z,3314,29385
1477376905,WW,2022-07-21T00:00:00Z,3031,29412
1477376905,WW,2022-07-22T00:00:00Z,3489,28648
1477376905,WW,2022-07-23T00:00:00Z,3477,26826
1477376905,WW,2022-07-24T00:00:00Z,3840,25490
1477376905,WW,2022-07-25T00:00:00Z,3546,25280
1477376905,WW,2022-07-26T00:00:00Z,3158,28823
1477376905,WW,2022-07-27T00:00:00Z,3492,31212
1477376905,WW,2022-07-28T00:00:00Z,3370,29507
1477376905,WW,2022-07-29T00:00:00Z,3601,29880
1477376905,WW,2022-07-30T00:00:00Z,3619,25957
1477376905,WW,2022-07-31T00:00:00Z,3914,24691
1477376905,WW,2022-08-01T00:00:00Z,3526,24870
1477376905,WW,2022-08-02T00:00:00Z,3135,27875
1477376905,WW,2022-08-03T00:00:00Z,3541,31019
1477376905,WW,2022-08-04T00:00:00Z,3306,28705
1477376905,WW,2022-08-05T00:00:00Z,3703,29427
1477376905,WW,2022-08-06T00:00:00Z,3691,26694
1477376905,WW,2022-08-07T00:00:00Z,3859,24656
1477376905,WW,2022-08-08T00:00:00Z,3720,24422
1477376905,WW,2022-08-09T00:00:00Z,3226,28111
1477376905,WW,2022-08-10T00:00:00Z,3717,31994
1477376905,WW,2022-08-11T00:00:00Z,3299,28752
1477376905,WW,2022-08-12T00:00:00Z,3820,30602
1477376905,WW,2022-08-13T00:00:00Z,3892,27188
1477376905,WW,2022-08-14T00:00:00Z,4139,24144
1477376905,WW,2022-08-15T00:00:00Z,3832,23731
1477376905,WW,2022-08-16T00:00:00Z,3309,27621
1477376905,WW,2022-08-17T00:00:00Z,3656,31196
1477376905,WW,2022-08-18T00:00:00Z,3444,30766
1477376905,WW,2022-08-19T00:00:00Z,3944,30604
1477376905,WW,2022-08-20T00:00:00Z,3902,28536
1477376905,WW,2022-08-21T00:00:00Z,3780,23992
1477376905,WW,2022-08-22T00:00:00Z,3638,24534
1477376905,WW,2022-08-23T00:00:00Z,3317,29391
1477376905,WW,2022-08-24T00:00:00Z,3590,31977
1477376905,WW,2022-08-25T00:00:00Z,3312,32553
1477376905,WW,2022-08-26T00:00:00Z,3812,30916
1477376905,WW,2022-08-27T00:00:00Z,3878,27718
1477376905,WW,2022-08-28T00:00:00Z,3870,24805
1477376905,WW,2022-08-29T00:00:00Z,3440,25343
1477376905,WW,2022-08-30T00:00:00Z,3124,27206
1477376905,WW,2022-08-31T00:00:00Z,3479,32597
1477376905,WW,2022-09-01T00:00:00Z,3344,32152
1477376905,WW,2022-09-02T00:00:00Z,3805,29883
1477376905,WW,2022-09-03T00:00:00Z,3992,28306
1477376905,WW,2022-09-04T00:00:00Z,3548,24703
1477376905,WW,2022-09-05T00:00:00Z,3201,25281
1477376905,WW,2022-09-06T00:00:00Z,3009,27738
1477376905,WW,2022-09-07T00:00:00Z,3615,36198
1477376905,WW,2022-09-08T00:00:00Z,3212,33912
1477376905,WW,2022-09-09T00:00:00Z,3620,30998
1477376905,WW,2022-09-10T00:00:00Z,4121,29695
1477376905,WW,2022-09-11T00:00:00Z,3826,25545
1477376905,WW,2022-09-12T00:00:00Z,3652,26879
1477376905,WW,2022-09-13T00:00:00Z,3295,28600
1477376905,WW,2022-09-14T00:00:00Z,3629,34588
1477376905,WW,2022-09-15T00:00:00Z,3262,33433
1477376905,WW,2022-09-16T00:00:00Z,3971,32001
1477376905,WW,2022-09-17T00:00:00Z,4343,31319
1477376905,WW,2022-09-18T00:00:00Z,4052,27577
1477376905,WW,2022-09-19T00:00:00Z,3756,26981
1477376905,WW,2022-09-20T00:00:00Z,3075,28120
1477376905,WW,2022-09-21T00:00:00Z,3553,33162
1477376905,WW,2022-09-22T00:00:00Z,3192,32304
1477376905,WW,2022-09-23T00:00:00Z,3658,30155
1477376905,WW,2022-09-24T00:00:00Z,4218,29744
1477376905,WW,2022-09-25T00:00:00Z,3811,26056
1477376905,WW,2022-09-26T00:00:00Z,3491,26355
1477376905,WW,2022-09-27T00:00:00Z,3440,30351
1477376905,WW,2022-09-28T00:00:00Z,3771,32682
1477376905,WW,2022-09-29T00:00:00Z,3362,32663
1477376905,WW,2022-09-30T00:00:00Z,3913,31492
1477376905,WW,2022-10-01T00:00:00Z,4231,32375
1477376905,WW,2022-10-02T00:00:00Z,3990,29654
1477376905,WW,2022-10-03T00:00:00Z,3400,27952
1477376905,WW,2022-10-04T00:00:00Z,3400,30789
1477376905,WW,2022-10-05T00:00:00Z,3696,33814
1477376905,WW,2022-10-06T00:00:00Z,3633,34287
1477376905,WW,2022-10-07T00:00:00Z,4123,32086
1477376905,WW,2022-10-08T00:00:00Z,4477,32192
1477376905,WW,2022-10-09T00:00:00Z,3975,28829
1477376905,WW,2022-10-10T00:00:00Z,3491,28301
1477376905,WW,2022-10-11T00:00:00Z,3496,31675
1477376905,WW,2022-10-12T00:00:00Z,3742,34880
1477376905,WW,2022-10-13T00:00:00Z,3680,34685
1477376905,WW,2022-10-14T00:00:00Z,4258,33660
1477376905,WW,2022-10-15T00:00:00Z,4500,32683
1477376905,WW,2022-10-16T00:00:00Z,4175,29192
1477376905,WW,2022-10-17T00:00:00Z,3775,27991
1477376905,WW,2022-10-18T00:00:00Z,3362,30677
1477376905,WW,2022-10-19T00:00:00Z,3659,33121
1477376905,WW,2022-10-20T00:00:00Z,3486,32754
1477376905,WW,2022-10-21T00:00:00Z,4229,33088
1477376905,WW,2022-10-22T00:00:00Z,4531,30319
1477376905,WW,2022-10-23T00:00:00Z,4110,28060
1477376905,WW,2022-10-24T00:00:00Z,3603,26661
1477376905,WW,2022-10-25T00:00:00Z,3131,29280
1477376905,WW,2022-10-26T00:00:00Z,3654,33526
1477376905,WW,2022-10-27T00:00:00Z,3384,32703
1477376905,WW,2022-10-28T00:00:00Z,4118,34730
1477376905,WW,2022-10-29T00:00:00Z,4481,33002
1477376905,WW,2022-10-30T00:00:00Z,4297,30046
1477376905,WW,2022-10-31T00:00:00Z,3823,29349
1477376905,WW,2022-11-01T00:00:00Z,3406,33013
1477376905,WW,2022-11-02T00:00:00Z,3925,33097
1477376905,WW,2022-11-03T00:00:00Z,3506,33018
1477376905,WW,2022-11-04T00:00:00Z,3767,32715
1477376905,WW,2022-11-05T00:00:00Z,4425,32540
1477376905,WW,2022-11-06T00:00:00Z,4053,30111
1477376905,WW,2022-11-07T00:00:00Z,3466,28281
1477376905,WW,2022-11-08T00:00:00Z,3337,31180
1477376905,WW,2022-11-09T00:00:00Z,3985,34802
1477376905,WW,2022-11-10T00:00:00Z,3639,34650
1477376905,WW,2022-11-11T00:00:00Z,3986,33707
1477376905,WW,2022-11-12T00:00:00Z,4639,33519
1477376905,WW,2022-11-13T00:00:00Z,4236,30044
1477376905,WW,2022-11-14T00:00:00Z,3607,29036
1477376905,WW,2022-11-15T00:00:00Z,3663,32957
1477376905,WW,2022-11-16T00:00:00Z,4319,35160
1477376905,WW,2022-11-17T00:00:00Z,3823,34613
1477376905,WW,2022-11-18T00:00:00Z,4137,33300
1477376905,WW,2022-11-19T00:00:00Z,4661,33201
1477376905,WW,2022-11-20T00:00:00Z,4248,30317
1477376905,WW,2022-11-21T00:00:00Z,3397,27784
1477376905,WW,2022-11-22T00:00:00Z,3348,31226
1477376905,WW,2022-11-23T00:00:00Z,4424,34572
1477376905,WW,2022-11-24T00:00:00Z,3452,32012
1477376905,WW,2022-11-25T00:00:00Z,4021,33611
1477376905,WW,2022-11-26T00:00:00Z,4534,33230
1477376905,WW,2022-11-27T00:00:00Z,4004,27070
1477376905,WW,2022-11-28T00:00:00Z,3382,27758
1477376905,WW,2022-11-29T00:00:00Z,3399,30863
1477376905,WW,2022-11-30T00:00:00Z,4352,31415
1477376905,WW,2022-12-01T00:00:00Z,3410,31370
1477376905,WW,2022-12-02T00:00:00Z,4062,33730
1477376905,WW,2022-12-03T00:00:00Z,4249,32692
1477376905,WW,2022-12-04T00:00:00Z,3996,28062
1477376905,WW,2022-12-05T00:00:00Z,3196,26528
1477376905,WW,2022-12-06T00:00:00Z,3235,29448
1477376905,WW,2022-12-07T00:00:00Z,4102,31053
1477376905,WW,2022-12-08T00:00:00Z,3105,29656
1477376905,WW,2022-12-09T00:00:00Z,4062,33536
1477376905,WW,2022-12-10T00:00:00Z,4231,32807
1477376905,WW,2022-12-11T00:00:00Z,4018,27650
1477376905,WW,2022-12-12T00:00:00Z,3451,27489
1477376905,WW,2022-12-13T00:00:00Z,3368,31473
1477376905,WW,2022-12-14T00:00:00Z,4128,31621
1477376905,WW,2022-12-15T00:00:00Z,3307,32069
1477376905,WW,2022-12-16T00:00:00Z,3995,32922
1477376905,WW,2022-12-17T00:00:00Z,4252,32808
1477376905,WW,2022-12-18T00:00:00Z,4050,30333
1477376905,WW,2022-12-19T00:00:00Z,3449,26592
1477376905,WW,2022-12-20T00:00:00Z,3403,31264
1477376905,WW,2022-12-21T00:00:00Z,3946,32992
1477376905,WW,2022-12-22T00:00:00Z,3456,33275
1477376905,WW,2022-12-23T00:00:00Z,4097,31836
1477376905,WW,2022-12-24T00:00:00Z,4341,32748
1477376905,WW,2022-12-25T00:00:00Z,4070,29238
1477376905,WW,2022-12-26T00:00:00Z,3339,26330
1477376905,WW,2022-12-27T00:00:00Z,3300,30145
1477376905,WW,2022-12-28T00:00:00Z,4135,31918
1477376905,WW,2022-12-29T00:00:00Z,3661,33734
1477376905,WW,2022-12-30T00:00:00Z,3827,30530
1477376905,WW,2022-12-31T00:00:00Z,4237,30359
1477376905,WW,2023-01-01T00:00:00Z,3955,29328
1477376905,WW,2023-01-02T00:00:00Z,3544,26710
1477376905,WW,2023-01-03T00:00:00Z,3414,30496
1477376905,WW,2023-01-04T00:00:00Z,4043,31563
1477376905,WW,2023-01-05T00:00:00Z,3690,32958
1477376905,WW,2023-01-06T00:00:00Z,4177,32021
1477376905,WW,2023-01-07T00:00:00Z,4290,31940
1477376905,WW,2023-01-08T00:00:00Z,3958,29676
1477376905,WW,2023-01-09T00:00:00Z,3555,28592
1477376905,WW,2023-01-10T00:00:00Z,3381,31418
1477376905,WW,2023-01-11T00:00:00Z,4105,31712
1477376905,WW,2023-01-12T00:00:00Z,3743,33100
1477376905,WW,2023-01-13T00:00:00Z,4124,32272
1477376905,WW,2023-01-14T00:00:00Z,4460,32136
1477376905,WW,2023-01-15T00:00:00Z,3901,29650
1477376905,WW,2023-01-16T00:00:00Z,3444,28633
1477376905,WW,2023-01-17T00:00:00Z,3300,32602
1477376905,WW,2023-01-18T00:00:00Z,3979,33140
1477376905,WW,2023-01-19T00:00:00Z,3541,32895
1477376905,WW,2023-01-20T00:00:00Z,4198,34603
1477376905,WW,2023-01-21T00:00:00Z,4570,33393
1477376905,WW,2023-01-22T00:00:00Z,4181,30919
1477376905,WW,2023-01-23T00:00:00Z,3398,27804
1477376905,WW,2023-01-24T00:00:00Z,3475,32407
1477376905,WW,2023-01-25T00:00:00Z,4455,34257
1477376905,WW,2023-01-26T00:00:00Z,3586,34140
1477376905,WW,2023-01-27T00:00:00Z,3985,34075
1477376905,WW,2023-01-28T00:00:00Z,4569,32271
1477376905,WW,2023-01-29T00:00:00Z,4464,30424
1477376905,WW,2023-01-30T00:00:00Z,3474,28364
1477376905,WW,2023-01-31T00:00:00Z,3502,32656
1477376905,WW,2023-02-01T00:00:00Z,4420,35852
1477376905,WW,2023-02-02T00:00:00Z,3636,35405
1477376905,WW,2023-02-03T00:00:00Z,3996,35492
1477376905,WW,2023-02-04T00:00:00Z,4640,34029
1477376905,WW,2023-02-05T00:00:00Z,4441,29406
1477376905,WW,2023-02-06T00:00:00Z,3593,28318
1477376905,WW,2023-02-07T00:00:00Z,3549,32055
1477376905,WW,2023-02-08T00:00:00Z,4440,34804
1477376905,WW,2023-02-09T00:00:00Z,3809,37296
1477376905,WW,2023-02-10T00:00:00Z,4261,37985
1477376905,WW,2023-02-11T00:00:00Z,4615,36239
1477376905,WW,2023-02-12T00:00:00Z,4470,30916
1477376905,WW,2023-02-13T00:00:00Z,3504,29098
1477376905,WW,2023-02-14T00:00:00Z,3574,33524
1477376905,WW,2023-02-15T00:00:00Z,4340,34501
1477376905,WW,2023-02-16T00:00:00Z,4040,35891
1477376905,WW,2023-02-17T00:00:00Z,4215,35679
1477376905,WW,2023-02-18T00:00:00Z,4649,35620
1477376905,WW,2023-02-19T00:00:00Z,4450,31616
1477376905,WW,2023-02-20T00:00:00Z,3672,29849
1477376905,WW,2023-02-21T00:00:00Z,3582,33939
1477376905,WW,2023-02-22T00:00:00Z,4433,35444
1477376905,WW,2023-02-23T00:00:00Z,4093,35934
1477376905,WW,2023-02-24T00:00:00Z,4336,36445
1477376905,WW,2023-02-25T00:00:00Z,4697,37251
1477376905,WW,2023-02-26T00:00:00Z,4451,34292
1477376905,WW,2023-02-27T00:00:00Z,3822,29730
1477376905,WW,2023-02-28T00:00:00Z,3761,34729
1477376905,WW,2023-03-01T00:00:00Z,4300,34175
1477376905,WW,2023-03-02T00:00:00Z,4176,35357
1477376905,WW,2023-03-03T00:00:00Z,4474,36335
1477376905,WW,2023-03-04T00:00:00Z,4953,36409
1477376905,WW,2023-03-05T00:00:00Z,4412,34715
1477376905,WW,2023-03-06T00:00:00Z,3613,30257
1477376905,WW,2023-03-07T00:00:00Z,3814,35810
1477376905,WW,2023-03-08T00:00:00Z,4243,35465
1477376905,WW,2023-03-09T00:00:00Z,4081,35538
1477376905,WW,2023-03-10T00:00:00Z,4460,36012
1477376905,WW,2023-03-11T00:00:00Z,4595,36381
1477376905,WW,2023-03-12T00:00:00Z,4303,34721
1477376905,WW,2023-03-13T00:00:00Z,3825,30397
1477376905,WW,2023-03-14T00:00:00Z,4030,34729
1477376905,WW,2023-03-15T00:00:00Z,4406,37405
1477376905,WW,2023-03-16T00:00:00Z,4313,36207
1477376905,WW,2023-03-17T00:00:00Z,4662,37016
1477376905,WW,2023-03-18T00:00:00Z,4921,37198
1477376905,WW,2023-03-19T00:00:00Z,4169,34616
1477376905,WW,2023-03-20T00:00:00Z,3771,31935
1477376905,WW,2023-03-21T00:00:00Z,4155,36086
1477376905,WW,2023-03-22T00:00:00Z,4452,37987
1477376905,WW,2023-03-23T00:00:00Z,4392,37214
1477376905,WW,2023-03-24T00:00:00Z,4683,38026
1477376905,WW,2023-03-25T00:00:00Z,4841,36619
1477376905,WW,2023-03-26T00:00:00Z,4154,32714
1477376905,WW,2023-03-27T00:00:00Z,3694,29878
1477376905,WW,2023-03-28T00:00:00Z,3988,34183
1477376905,WW,2023-03-29T00:00:00Z,4604,38394
1477376905,WW,2023-03-30T00:00:00Z,4339,36297
1477376905,WW,2023-03-31T00:00:00Z,4921,39564
1477376905,WW,2023-04-01T00:00:00Z,5067,37744
1477376905,WW,2023-04-02T00:00:00Z,4235,34345
1477376905,WW,2023-04-03T00:00:00Z,3814,32361
1477376905,WW,2023-04-04T00:00:00Z,3952,34606
1477376905,WW,2023-04-05T00:00:00Z,4713,37159
1477376905,WW,2023-04-06T00:00:00Z,4260,35649
1477376905,WW,2023-04-07T00:00:00Z,4944,37177
1477376905,WW,2023-04-08T00:00:00Z,4736,33265
1477376905,WW,2023-04-09T00:00:00Z,4382,32412
1477376905,WW,2023-04-10T00:00:00Z,3747,30472
1477376905,WW,2023-04-11T00:00:00Z,3783,33399
1477376905,WW,2023-04-12T00:00:00Z,4563,36263
1477376905,WW,2023-04-13T00:00:00Z,4169,37168
1477376905,WW,2023-04-14T00:00:00Z,4756,37644
1477376905,WW,2023-04-15T00:00:00Z,4776,34928
1477376905,WW,2023-04-16T00:00:00Z,4706,35014
1477376905,WW,2023-04-17T00:00:00Z,3859,32502
1477376905,WW,2023-04-18T00:00:00Z,3884,33655
1477376905,WW,2023-04-19T00:00:00Z,4448,35895
1477376905,WW,2023-04-20T00:00:00Z,4312,36934
1477376905,WW,2023-04-21T00:00:00Z,4829,38514
1477376905,WW,2023-04-22T00:00:00Z,4662,35395
1477376905,WW,2023-04-23T00:00:00Z,4807,33004
1477376905,WW,2023-04-24T00:00:00Z,4145,32571
1477376905,WW,2023-04-25T00:00:00Z,3970,34710
1477376905,WW,2023-04-26T00:00:00Z,4664,38121
1477376905,WW,2023-04-27T00:00:00Z,4266,37535
1477376905,WW,2023-04-28T00:00:00Z,4635,37675
1477376905,WW,2023-04-29T00:00:00Z,4372,36037
1477376905,WW,2023-04-30T00:00:00Z,4757,35602
1477376905,WW,2023-05-01T00:00:00Z,4087,32529
1477376905,WW,2023-05-02T00:00:00Z,4051,34165
1477376905,WW,2023-05-03T00:00:00Z,4497,38373
1477376905,WW,2023-05-04T00:00:00Z,4314,37056
1477376905,WW,2023-05-05T00:00:00Z,4751,39159
1477376905,WW,2023-05-06T00:00:00Z,4690,37806
1477376905,WW,2023-05-07T00:00:00Z,4677,34301
1477376905,WW,2023-05-08T00:00:00Z,3976,30740
1477376905,WW,2023-05-09T00:00:00Z,3924,33524
1477376905,WW,2023-05-10T00:00:00Z,4703,38435
1477376905,WW,2023-05-11T00:00:00Z,4073,37480
1477376905,WW,2023-05-12T00:00:00Z,4510,38179
1477376905,WW,2023-05-13T00:00:00Z,4723,37806
1477376905,WW,2023-05-14T00:00:00Z,4260,32844
1477376905,WW,2023-05-15T00:00:00Z,3635,31490
1477376905,WW,2023-05-16T00:00:00Z,4002,34336
1477376905,WW,2023-05-17T00:00:00Z,4923,39704
1477376905,WW,2023-05-18T00:00:00Z,4289,38148
1477376905,WW,2023-05-19T00:00:00Z,4673,38075
1477376905,WW,2023-05-20T00:00:00Z,5168,36919
1477376905,WW,2023-05-21T00:00:00Z,4538,32070
1477376905,WW,2023-05-22T00:00:00Z,3782,31626
1477376905,WW,2023-05-23T00:00:00Z,4012,36128
1477376905,WW,2023-05-24T00:00:00Z,4732,39315
1477376905,WW,2023-05-25T00:00:00Z,4298,40595
1477376905,WW,2023-05-26T00:00:00Z,4539,40742
1477376905,WW,2023-05-27T00:00:00Z,4886,35271
1477376905,WW,2023-05-28T00:00:00Z,4691,34346
1477376905,WW,2023-05-29T00:00:00Z,3750,30897
1477376905,WW,2023-05-30T00:00:00Z,3842,34445
1477376905,WW,2023-05-31T00:00:00Z,4749,39439
1477376905,WW,2023-06-01T00:00:00Z,4656,40418
1477376905,WW,2023-06-02T00:00:00Z,4415,40172
1477376905,WW,2023-06-03T00:00:00Z,4780,33594
1477376905,WW,2023-06-04T00:00:00Z,4612,32897
1477376905,WW,2023-06-05T00:00:00Z,3845,30580
1477376905,WW,2023-06-06T00:00:00Z,3916,36296
1477376905,WW,2023-06-07T00:00:00Z,4374,39242
1477376905,WW,2023-06-08T00:00:00Z,4371,38853
1477376905,WW,2023-06-09T00:00:00Z,4539,41860
1477376905,WW,2023-06-10T00:00:00Z,4763,33551
1477376905,WW,2023-06-11T00:00:00Z,4257,30981
1477376905,WW,2023-06-12T00:00:00Z,3719,31763
1477376905,WW,2023-06-13T00:00:00Z,3879,34677
1477376905,WW,2023-06-14T00:00:00Z,4708,38842
1477376905,WW,2023-06-15T00:00:00Z,4492,38521
1477376905,WW,2023-06-16T00:00:00Z,4735,40034
1477376905,WW,2023-06-17T00:00:00Z,4903,32951
1477376905,WW,2023-06-18T00:00:00Z,4377,32120
1477376905,WW,2023-06-19T00:00:00Z,3744,32259
1477376905,WW,2023-06-20T00:00:00Z,4192,36661
1477376905,WW,2023-06-21T00:00:00Z,4768,37596
1477376905,WW,2023-06-22T00:00:00Z,4136,37617
1477376905,WW,2023-06-23T00:00:00Z,4603,37257
1477376905,WW,2023-06-24T00:00:00Z,4930,33279
1477376905,WW,2023-06-25T00:00:00Z,4150,32592
1477376905,WW,2023-06-26T00:00:00Z,3725,32819
1477376905,WW,2023-06-27T00:00:00Z,3814,33544
1477376905,WW,2023-06-28T00:00:00Z,4624,35330
1477376905,WW,2023-06-29T00:00:00Z,4115,36641
1477376905,WW,2023-06-30T00:00:00Z,4706,36955
1477376905,WW,2023-07-01T00:00:00Z,4968,33728
1477376905,WW,2023-07-02T00:00:00Z,4733,35244
1477376905,WW,2023-07-03T00:00:00Z,3973,33853
1477376905,WW,2023-07-04T00:00:00Z,3924,34933
1477376905,WW,2023-07-05T00:00:00Z,4662,36415
1477376905,WW,2023-07-06T00:00:00Z,4544,36954
1477376905,WW,2023-07-07T00:00:00Z,4591,37355
1477376905,WW,2023-07-08T00:00:00Z,4974,35081
1477376905,WW,2023-07-09T00:00:00Z,5123,36335
1477376905,WW,2023-07-10T00:00:00Z,4169,35486
1477376905,WW,2023-07-11T00:00:00Z,4140,36805
1477376905,WW,2023-07-12T00:00:00Z,4630,36494
1477376905,WW,2023-07-13T00:00:00Z,4634,37335
1477376905,WW,2023-07-14T00:00:00Z,4310,36687
1477376905,WW,2023-07-15T00:00:00Z,4703,32605
1477376905,WW,2023-07-16T00:00:00Z,5041,35164
1477376905,WW,2023-07-17T00:00:00Z,4258,35638
1477376905,WW,2023-07-18T00:00:00Z,4083,36682
1477376905,WW,2023-07-19T00:00:00Z,4702,38024
1477376905,WW,2023-07-20T00:00:00Z,4430,36858
1477376905,WW,2023-07-21T00:00:00Z,4236,35895
1477376905,WW,2023-07-22T00:00:00Z,5055,33524
1477376905,WW,2023-07-23T00:00:00Z,4818,34645
1477376905,WW,2023-07-24T00:00:00Z,4296,34658
1477376905,WW,2023-07-25T00:00:00Z,3936,35874
1477376905,WW,2023-07-26T00:00:00Z,4513,36497
1477376905,WW,2023-07-27T00:00:00Z,4390,38920
1477376905,WW,2023-07-28T00:00:00Z,4343,36244
1477376905,WW,2023-07-29T00:00:00Z,4789,33679
1477376905,WW,2023-07-30T00:00:00Z,4558,35400
1477376905,WW,2023-07-31T00:00:00Z,4181,34967
1477376905,WW,2023-08-01T00:00:00Z,4208,37263
1477376905,WW,2023-08-02T00:00:00Z,4944,40143
1477376905,WW,2023-08-03T00:00:00Z,4443,39320
1477376905,WW,2023-08-04T00:00:00Z,4471,35156
1477376905,WW,2023-08-05T00:00:00Z,4798,32158
1477376905,WW,2023-08-06T00:00:00Z,4717,33750
1477376905,WW,2023-08-07T00:00:00Z,4276,34400
1477376905,WW,2023-08-08T00:00:00Z,4125,37653
1477376905,WW,2023-08-09T00:00:00Z,4555,38499
1477376905,WW,2023-08-10T00:00:00Z,4338,38680
1477376905,WW,2023-08-11T00:00:00Z,4421,36698
1477376905,WW,2023-08-12T00:00:00Z,4998,35260
1477376905,WW,2023-08-13T00:00:00Z,4756,33594
1477376905,WW,2023-08-14T00:00:00Z,4500,34946
1477376905,WW,2023-08-15T00:00:00Z,4602,38001
1477376905,WW,2023-08-16T00:00:00Z,4986,39644
1477376905,WW,2023-08-17T00:00:00Z,4624,39841
1477376905,WW,2023-08-18T00:00:00Z,4598,36632
1477376905,WW,2023-08-19T00:00:00Z,4816,33727
1477376905,WW,2023-08-20T00:00:00Z,4762,31788
1477376905,WW,2023-08-21T00:00:00Z,4575,32478
1477376905,WW,2023-08-22T00:00:00Z,4560,39150
1477376905,WW,2023-08-23T00:00:00Z,4981,40154
1477376905,WW,2023-08-24T00:00:00Z,4515,40115
1477376905,WW,2023-08-25T00:00:00Z,4420,36825
1477376905,WW,2023-08-26T00:00:00Z,4558,35114
1477376905,WW,2023-08-27T00:00:00Z,4577,32185
1477376905,WW,2023-08-28T00:00:00Z,4339,32015
1477376905,WW,2023-08-29T00:00:00Z,4645,38020
1477376905,WW,2023-08-30T00:00:00Z,4886,37642
1477376905,WW,2023-08-31T00:00:00Z,4711,39608
1477376905,WW,2023-09-01T00:00:00Z,4804,38804
1477376905,WW,2023-09-02T00:00:00Z,4592,34695
1477376905,WW,2023-09-03T00:00:00Z,4792,34645
1477376905,WW,2023-09-04T00:00:00Z,4048,33245
1477376905,WW,2023-09-05T00:00:00Z,4238,38787
1477376905,WW,2023-09-06T00:00:00Z,4653,40269
1477376905,WW,2023-09-07T00:00:00Z,4417,38501
1477376905,WW,2023-09-08T00:00:00Z,4503,38383
1477376905,WW,2023-09-09T00:00:00Z,4659,35797
1477376905,WW,2023-09-10T00:00:00Z,5066,36447
1477376905,WW,2023-09-11T00:00:00Z,4175,35123
1477376905,WW,2023-09-12T00:00:00Z,4331,38518
1477376905,WW,2023-09-13T00:00:00Z,4436,38132
1477376905,WW,2023-09-14T00:00:00Z,4202,36619
1477376905,WW,2023-09-15T00:00:00Z,4981,37124
1477376905,WW,2023-09-16T00:00:00Z,5088,37695
1477376905,WW,2023-09-17T00:00:00Z,5101,38327
1477376905,WW,2023-09-18T00:00:00Z,4115,35139
1477376905,WW,2023-09-19T00:00:00Z,4308,37688
1477376905,WW,2023-09-20T00:00:00Z,4370,37082
1477376905,WW,2023-09-21T00:00:00Z,4449,37949
1477376905,WW,2023-09-22T00:00:00Z,5077,36224
1477376905,WW,2023-09-23T00:00:00Z,5187,36830
1477376905,WW,2023-09-24T00:00:00Z,5188,36628
1477376905,WW,2023-09-25T00:00:00Z,4442,36061
1477376905,WW,2023-09-26T00:00:00Z,4564,38175
1477376905,WW,2023-09-27T00:00:00Z,4524,38898
1477376905,WW,2023-09-28T00:00:00Z,4665,40601
1477376905,WW,2023-09-29T00:00:00Z,5115,39463
1477376905,WW,2023-09-30T00:00:00Z,5213,37167
1477376905,WW,2023-10-01T00:00:00Z,4789,37011
1477376905,WW,2023-10-02T00:00:00Z,4187,35499
1477376905,WW,2023-10-03T00:00:00Z,4401,38240
1477376905,WW,2023-10-04T00:00:00Z,4521,38705
1477376905,WW,2023-10-05T00:00:00Z,4799,41545
1477376905,WW,2023-10-06T00:00:00Z,5172,40116
1477376905,WW,2023-10-07T00:00:00Z,5090,36545
1477376905,WW,2023-10-08T00:00:00Z,4665,36285
1477376905,WW,2023-10-09T00:00:00Z,4117,35711
1477376905,WW,2023-10-10T00:00:00Z,4010,37382
1477376905,WW,2023-10-11T00:00:00Z,4440,38736
1477376905,WW,2023-10-12T00:00:00Z,4541,41739
1477376905,WW,2023-10-13T00:00:00Z,5194,42383
1477376905,WW,2023-10-14T00:00:00Z,4988,38399
1477376905,WW,2023-10-15T00:00:00Z,4658,36905
1477376905,WW,2023-10-16T00:00:00Z,4160,36926
1477376905,WW,2023-10-17T00:00:00Z,4236,38682
1477376905,WW,2023-10-18T00:00:00Z,4684,39465
1477376905,WW,2023-10-19T00:00:00Z,4384,39967
1477376905,WW,2023-10-20T00:00:00Z,4892,39415
1477376905,WW,2023-10-21T00:00:00Z,4672,37183
1477376905,WW,2023-10-22T00:00:00Z,4726,35324
1477376905,WW,2023-10-23T00:00:00Z,4308,37159
1477376905,WW,2023-10-24T00:00:00Z,4315,38579
1477376905,WW,2023-10-25T00:00:00Z,4602,39918
1477376905,WW,2023-10-26T00:00:00Z,4382,40923
1477376905,WW,2023-10-27T00:00:00Z,4851,39341
1477376905,WW,2023-10-28T00:00:00Z,4316,34829
1477376905,WW,2023-10-29T00:00:00Z,4824,34682
1477376905,WW,2023-10-30T00:00:00Z,4470,37330
1477376905,WW,2023-10-31T00:00:00Z,4359,40250
1477376905,WW,2023-11-01T00:00:00Z,4601,41533
1477376905,WW,2023-11-02T00:00:00Z,4368,39513
1477376905,WW,2023-11-03T00:00:00Z,4910,39730
1477376905,WW,2023-11-04T00:00:00Z,4534,34568
1477376905,WW,2023-11-05T00:00:00Z,4816,35139
1477376905,WW,2023-11-06T00:00:00Z,4401,36810
1477376905,WW,2023-11-07T00:00:00Z,4658,41737
1477376905,WW,2023-11-08T00:00:00Z,4536,43304
1477376905,WW,2023-11-09T00:00:00Z,4516,39708
1477376905,WW,2023-11-10T00:00:00Z,4878,39272
1477376905,WW,2023-11-11T00:00:00Z,4385,33745
1477376905,WW,2023-11-12T00:00:00Z,4298,33239
1477376905,WW,2023-11-13T00:00:00Z,4358,37030
1477376905,WW,2023-11-14T00:00:00Z,4600,41538
1477376905,WW,2023-11-15T00:00:00Z,4531,42829
1477376905,WW,2023-11-16T00:00:00Z,4721,40488
1477376905,WW,2023-11-17T00:00:00Z,5078,41979
1477376905,WW,2023-11-18T00:00:00Z,4685,36602
1477376905,WW,2023-11-19T00:00:00Z,4299,34555
1477376905,WW,2023-11-20T00:00:00Z,4371,37323
1477376905,WW,2023-11-21T00:00:00Z,4674,40331
1477376905,WW,2023-11-22T00:00:00Z,4759,43860
1477376905,WW,2023-11-23T00:00:00Z,4642,41316
1477376905,WW,2023-11-24T00:00:00Z,4790,40114
1477376905,WW,2023-11-25T00:00:00Z,4346,36663
1477376905,WW,2023-11-26T00:00:00Z,4263,35899
1477376905,WW,2023-11-27T00:00:00Z,4499,38639
1477376905,WW,2023-11-28T00:00:00Z,4656,42623
1477376905,WW,2023-11-29T00:00:00Z,4790,42809
1477376905,WW,2023-11-30T00:00:00Z,4554,40111
1477376905,WW,2023-12-01T00:00:00Z,5076,42447
1477376905,WW,2023-12-02T00:00:00Z,4241,35951
1477376905,WW,2023-12-03T00:00:00Z,4115,36722
