aid,cc,d,iu,au,ar,ir
1477376905,WW,2021-09-01T00:00:00Z,2364,394,809,20991
1477376905,WW,2021-09-02T00:00:00Z,2428,283,2818,35835
1477376905,WW,2021-09-03T00:00:00Z,2633,535,912,31451
1477376905,WW,2021-09-04T00:00:00Z,2538,353,2425,27935
1477376905,WW,2021-09-05T00:00:00Z,2709,8529,16911,299
1477376905,WW,2021-09-06T00:00:00Z,257,2474,4301,19742
1477376905,WW,2021-09-07T00:00:00Z,3141,204,3207,180477
1477376905,WW,2021-09-08T00:00:00Z,2742,336,2332,34348
1477376905,WW,2021-09-09T00:00:00Z,2771,244,3751,234048
1477376905,WW,2021-09-10T00:00:00Z,2539,313,1662,37652
1477376905,WW,2021-09-11T00:00:00Z,252,2414,2555,40723
1477376905,WW,2021-09-12T00:00:00Z,259,2440,2323,88316
1477376905,WW,2021-09-13T00:00:00Z,2663,320,11395,42810
1477376905,WW,2021-09-14T00:00:00Z,3415,280,4783,82158
1477376905,WW,2021-09-15T00:00:00Z,3295,319,2369,30554
1477376905,WW,2021-09-16T00:00:00Z,3171,245,4199,158794
1477376905,WW,2021-09-17T00:00:00Z,2942,534,2580,51536
1477376905,WW,2021-09-18T00:00:00Z,2662,320,1959,47665
1477376905,WW,2021-09-19T00:00:00Z,2392,1458,39373,357
1477376905,WW,2021-09-20T00:00:00Z,2183,344,4290,30244
1477376905,WW,2021-09-21T00:00:00Z,2219,321,2646,85804
1477376905,WW,2021-09-22T00:00:00Z,1801,485,3035,48124
1477376905,WW,2021-09-23T00:00:00Z,1917,290,6821,93172
1477376905,WW,2021-09-24T00:00:00Z,1985,253,9440,55550
1477376905,WW,2021-09-25T00:00:00Z,2040,235,7690,34885
1477376905,WW,2021-09-26T00:00:00Z,2141,4747,28278,231
1477376905,WW,2021-09-27T00:00:00Z,2283,234,9237,28592
1477376905,WW,2021-09-28T00:00:00Z,2885,165,4718,139418
1477376905,WW,2021-09-29T00:00:00Z,2946,389,3780,37132
1477376905,WW,2021-09-30T00:00:00Z,292,3004,2776,106945
1477376905,WW,2021-10-01T00:00:00Z,2874,407,2815,83576
1477376905,WW,2021-10-02T00:00:00Z,305,2883,1886,53590
1477376905,WW,2021-10-03T00:00:00Z,2510,229,2214,44917
1477376905,WW,2021-10-04T00:00:00Z,2410,282,6822,65392
1477376905,WW,2021-10-05T00:00:00Z,180,2846,12446,110116
1477376905,WW,2021-10-06T00:00:00Z,2752,497,2899,37088
1477376905,WW,2021-10-07T00:00:00Z,286,2892,6156,77010
1477376905,WW,2021-10-08T00:00:00Z,2908,461,3766,40715
1477376905,WW,2021-10-09T00:00:00Z,229,2698,2892,88694
1477376905,WW,2021-10-10T00:00:00Z,2161,278,2834,22501
1477376905,WW,2021-10-11T00:00:00Z,324,2244,4188,28205
1477376905,WW,2021-10-12T00:00:00Z,274,3860,6925,41563
1477376905,WW,2021-10-13T00:00:00Z,19171,472,2916,8138
1477376905,WW,2021-10-14T00:00:00Z,307,2904,69179,6728
1477376905,WW,2021-10-15T00:00:00Z,2585,57721,409,3563
1477376905,WW,2021-10-16T00:00:00Z,299,2520,112832,2243
1477376905,WW,2021-10-17T00:00:00Z,2602,41204,294,2705
1477376905,WW,2021-10-18T00:00:00Z,2487,61898,336,4061
1477376905,WW,2021-10-19T00:00:00Z,233,3409,51817,2844
1477376905,WW,2021-10-20T00:00:00Z,2703,34139,556,1739
1477376905,WW,2021-10-21T00:00:00Z,437,2712,77283,2939
1477376905,WW,2021-10-22T00:00:00Z,2879,58870,582,2486
1477376905,WW,2021-10-23T00:00:00Z,2758,113121,302,2676
1477376905,WW,2021-10-24T00:00:00Z,35281,2588,299,4872
1477376905,WW,2021-10-25T00:00:00Z,267,37755,2489,5819
1477376905,WW,2021-10-26T00:00:00Z,3073,38502,255,3243
1477376905,WW,2021-10-27T00:00:00Z,2694,51949,559,3839
1477376905,WW,2021-10-28T00:00:00Z,2760,179511,420,4503
1477376905,WW,2021-10-29T00:00:00Z,2817,46203,770,3623
1477376905,WW,2021-10-30T00:00:00Z,2631,103949,304,3502
1477376905,WW,2021-10-31T00:00:00Z,2464,60311,262,2524
1477376905,WW,2021-11-01T00:00:00Z,1938,52724,375,4121
1477376905,WW,2021-11-02T00:00:00Z,303,2884,147528,2753
1477376905,WW,2021-11-03T00:00:00Z,352,2636,59336,1807
1477376905,WW,2021-11-04T00:00:00Z,363,2592,72185,2727
1477376905,WW,2021-11-05T00:00:00Z,2580,40374,480,3109
1477376905,WW,2021-11-06T00:00:00Z,2769,79329,384,3461
1477376905,WW,2021-11-07T00:00:00Z,2558,39298,360,2264
1477376905,WW,2021-11-08T00:00:00Z,317,2194,37099,3870
1477376905,WW,2021-11-09T00:00:00Z,3632,84274,251,2494
1477376905,WW,2021-11-10T00:00:00Z,2703,33134,617,2617
1477376905,WW,2021-11-11T00:00:00Z,2605,75303,378,3912
1477376905,WW,2021-11-12T00:00:00Z,2529,55991,480,1782
1477376905,WW,2021-11-13T00:00:00Z,2505,113938,322,6443
1477376905,WW,2021-11-14T00:00:00Z,2386,40004,351,2249
1477376905,WW,2021-11-15T00:00:00Z,2327,40686,316,3983
1477376905,WW,2021-11-16T00:00:00Z,245,3044,103243,2723
1477376905,WW,2021-11-17T00:00:00Z,328,3266,42507,2004
1477376905,WW,2021-11-18T00:00:00Z,495,2780,103535,3735
1477376905,WW,2021-11-19T00:00:00Z,2835,69042,488,2242
1477376905,WW,2021-11-20T00:00:00Z,2843,85951,332,6254
1477376905,WW,2021-11-21T00:00:00Z,302,2886,44352,2305
1477376905,WW,2021-11-22T00:00:00Z,366,2306,37362,3250
1477376905,WW,2021-11-23T00:00:00Z,236,2825,79732,3314
1477376905,WW,2021-11-24T00:00:00Z,519,2531,27713,3631
1477376905,WW,2021-11-25T00:00:00Z,1652,44437,424,7707
1477376905,WW,2021-11-26T00:00:00Z,2033,48480,333,3583
1477376905,WW,2021-11-27T00:00:00Z,2615,59427,290,3536
1477376905,WW,2021-11-28T00:00:00Z,2294,83676,2878,278
1477376905,WW,2021-11-29T00:00:00Z,2164,30833,322,3258
1477376905,WW,2021-11-30T00:00:00Z,2632,129987,307,3027
1477376905,WW,2021-12-01T00:00:00Z,2330,48575,515,2304
1477376905,WW,2021-12-02T00:00:00Z,2461,102211,338,3107
1477376905,WW,2021-12-03T00:00:00Z,385,2710,75553,11023
1477376905,WW,2021-12-04T00:00:00Z,2472,26513,271,3811
1477376905,WW,2021-12-05T00:00:00Z,2706,21504,256,2657
1477376905,WW,2021-12-06T00:00:00Z,2445,18017,282,2909
1477376905,WW,2021-12-07T00:00:00Z,3240,108439,257,2547
1477376905,WW,2021-12-08T00:00:00Z,2525,28165,275,2943
1477376905,WW,2021-12-09T00:00:00Z,2278,32762,259,3838
1477376905,WW,2021-12-10T00:00:00Z,2399,38290,532,11734
1477376905,WW,2021-12-11T00:00:00Z,270,2403,22689,3637
1477376905,WW,2021-12-12T00:00:00Z,2672,36157,288,2700
1477376905,WW,2021-12-13T00:00:00Z,2318,23780,326,7284
1477376905,WW,2021-12-14T00:00:00Z,4088,55489,237,17955
1477376905,WW,2021-12-15T00:00:00Z,2911,45148,272,5366
1477376905,WW,2021-12-16T00:00:00Z,2559,112449,336,3731
1477376905,WW,2021-12-17T00:00:00Z,2458,48188,429,22810
1477376905,WW,2021-12-18T00:00:00Z,2119,30846,257,4987
1477376905,WW,2021-12-19T00:00:00Z,2447,40821,2726,282
1477376905,WW,2021-12-20T00:00:00Z,1958,41029,229,4366
1477376905,WW,2021-12-21T00:00:00Z,3113,52235,268,4130
1477376905,WW,2021-12-22T00:00:00Z,3010,53481,337,12734
1477376905,WW,2021-12-23T00:00:00Z,2471,62007,237,8119
1477376905,WW,2021-12-24T00:00:00Z,216,2626,55556,32414
1477376905,WW,2021-12-25T00:00:00Z,2949,39286,271,4736
1477376905,WW,2021-12-26T00:00:00Z,2931,46706,316,3649
1477376905,WW,2021-12-27T00:00:00Z,2416,36832,435,4999
1477376905,WW,2021-12-28T00:00:00Z,3722,116948,211,2718
1477376905,WW,2021-12-29T00:00:00Z,3553,42613,591,1559
1477376905,WW,2021-12-30T00:00:00Z,3609,55778,335,2018
1477376905,WW,2021-12-31T00:00:00Z,2511,48380,448,14027
1477376905,WW,2022-01-01T00:00:00Z,2569,45478,477,2500
1477376905,WW,2022-01-02T00:00:00Z,3567,110466,276,1890
1477376905,WW,2022-01-03T00:00:00Z,3881,81902,363,4114
1477376905,WW,2022-01-04T00:00:00Z,3524,98995,387,2554
1477376905,WW,2022-01-05T00:00:00Z,2745,24975,588,1990
1477376905,WW,2022-01-06T00:00:00Z,2800,30357,434,3511
1477376905,WW,2022-01-07T00:00:00Z,2737,44689,406,2078
1477376905,WW,2022-01-08T00:00:00Z,320,2224,20458,5275
1477376905,WW,2022-01-09T00:00:00Z,418,2776,72989,4061
1477376905,WW,2022-01-10T00:00:00Z,2096,26161,426,9775
1477376905,WW,2022-01-11T00:00:00Z,3163,66193,352,4663
1477376905,WW,2022-01-12T00:00:00Z,2424,26757,510,2966
1477376905,WW,2022-01-13T00:00:00Z,2748,40976,419,15083
1477376905,WW,2022-01-14T00:00:00Z,2890,37962,764,3871
1477376905,WW,2022-01-15T00:00:00Z,2148,31700,323,3794
1477376905,WW,2022-01-16T00:00:00Z,2044,29190,303,2966
1477376905,WW,2022-01-17T00:00:00Z,1864,30826,317,3865
1477376905,WW,2022-01-18T00:00:00Z,2657,82678,218,3336
1477376905,WW,2022-01-19T00:00:00Z,2432,15038,451,2496
1477376905,WW,2022-01-20T00:00:00Z,2498,370,38134,2533
1477376905,WW,2022-01-21T00:00:00Z,2601,25273,521,3959
1477376905,WW,2022-01-22T00:00:00Z,2339,27497,354,2769
1477376905,WW,2022-01-23T00:00:00Z,329,2379,13206,2626
1477376905,WW,2022-01-24T00:00:00Z,1971,12129,339,4738
1477376905,WW,2022-01-25T00:00:00Z,2749,247,50862,3817
1477376905,WW,2022-01-26T00:00:00Z,2497,18016,505,3922
1477376905,WW,2022-01-27T00:00:00Z,361,2391,28901,7049
1477376905,WW,2022-01-28T00:00:00Z,406,2644,41284,2668
1477376905,WW,2022-01-29T00:00:00Z,352,2721,31831,2737
1477376905,WW,2022-01-30T00:00:00Z,390,2512,38045,3514
1477376905,WW,2022-01-31T00:00:00Z,2252,24354,320,3114
1477376905,WW,2022-02-01T00:00:00Z,267,3183,82503,4132
1477376905,WW,2022-02-02T00:00:00Z,2881,55163,602,1765
1477376905,WW,2022-02-03T00:00:00Z,2721,111384,361,2495
1477376905,WW,2022-02-04T00:00:00Z,386,2742,31626,1891
1477376905,WW,2022-02-05T00:00:00Z,2667,248,24100,1992
1477376905,WW,2022-02-06T00:00:00Z,2912,21026,2865,278
1477376905,WW,2022-02-07T00:00:00Z,1758,28479,307,3709
1477376905,WW,2022-02-08T00:00:00Z,1989,262,69974,3879
1477376905,WW,2022-02-09T00:00:00Z,1710,23574,289,2002
1477376905,WW,2022-02-10T00:00:00Z,233,1629,31878,4246
1477376905,WW,2022-02-11T00:00:00Z,1637,23528,287,1786
1477376905,WW,2022-02-12T00:00:00Z,1950,54442,268,1500
1477376905,WW,2022-02-13T00:00:00Z,2005,85909,8452,266
1477376905,WW,2022-02-14T00:00:00Z,1720,71328,299,5386
1477376905,WW,2022-02-15T00:00:00Z,302,2261,76944,7267
1477376905,WW,2022-02-16T00:00:00Z,2017,35495,390,2438
1477376905,WW,2022-02-17T00:00:00Z,2347,35108,256,6335
1477376905,WW,2022-02-18T00:00:00Z,2230,16388,496,2051
1477376905,WW,2022-02-19T00:00:00Z,2160,23666,336,2549
1477376905,WW,2022-02-20T00:00:00Z,2730,10636,309,2534
1477376905,WW,2022-02-21T00:00:00Z,2334,16700,337,5768
1477376905,WW,2022-02-22T00:00:00Z,2207,27755,315,16251
1477376905,WW,2022-02-23T00:00:00Z,406,1874,12168,5763
1477376905,WW,2022-02-24T00:00:00Z,2015,20141,266,7844
1477376905,WW,2022-02-25T00:00:00Z,1947,13807,327,3446
1477376905,WW,2022-02-26T00:00:00Z,2001,39033,278,6456
1477376905,WW,2022-02-27T00:00:00Z,2120,53191,257,3022
1477376905,WW,2022-02-28T00:00:00Z,1500,204,44903,2682
1477376905,WW,2022-03-01T00:00:00Z,1808,127059,225,4138
1477376905,WW,2022-03-02T00:00:00Z,424,1666,58179,1533
1477376905,WW,2022-03-03T00:00:00Z,1934,108390,251,3282
1477376905,WW,2022-03-04T00:00:00Z,2011,37186,455,2708
1477376905,WW,2022-03-05T00:00:00Z,2184,27032,355,4195
1477376905,WW,2022-03-06T00:00:00Z,1871,20275,193,2806
1477376905,WW,2022-03-07T00:00:00Z,1392,25805,209,2667
1477376905,WW,2022-03-08T00:00:00Z,1984,59655,229,4374
1477376905,WW,2022-03-09T00:00:00Z,2156,19245,287,1478
1477376905,WW,2022-03-10T00:00:00Z,1807,44456,241,3715
1477376905,WW,2022-03-11T00:00:00Z,467,2182,34627,2038
1477376905,WW,2022-03-12T00:00:00Z,296,2155,34535,2869
1477376905,WW,2022-03-13T00:00:00Z,2098,29784,259,2713
1477376905,WW,2022-03-14T00:00:00Z,1671,34824,288,1863
1477376905,WW,2022-03-15T00:00:00Z,2894,82738,325,2509
1477376905,WW,2022-03-16T00:00:00Z,2787,49562,377,1281
1477376905,WW,2022-03-17T00:00:00Z,2415,85800,309,4888
1477376905,WW,2022-03-18T00:00:00Z,2215,56547,366,2055
1477376905,WW,2022-03-19T00:00:00Z,2432,30137,316,2554
1477376905,WW,2022-03-20T00:00:00Z,2690,13098,304,2214
1477376905,WW,2022-03-21T00:00:00Z,2110,249,16311,2110
1477376905,WW,2022-03-22T00:00:00Z,2318,46559,247,15037
1477376905,WW,2022-03-23T00:00:00Z,2305,13220,324,5602
1477376905,WW,2022-03-24T00:00:00Z,2581,29600,310,9478
1477376905,WW,2022-03-25T00:00:00Z,365,2090,22903,3818
1477376905,WW,2022-03-26T00:00:00Z,313,3031,33164,7581
1477376905,WW,2022-03-27T00:00:00Z,284,2910,45820,2324
1477376905,WW,2022-03-28T00:00:00Z,2266,45811,278,3787
1477376905,WW,2022-03-29T00:00:00Z,3345,39153,313,3868
1477376905,WW,2022-03-30T00:00:00Z,315,3240,23184,2219
1477376905,WW,2022-03-31T00:00:00Z,272,2845,42218,3104
1477376905,WW,2022-04-01T00:00:00Z,2652,41195,311,2366
1477376905,WW,2022-04-02T00:00:00Z,3052,37018,316,2669
1477376905,WW,2022-04-03T00:00:00Z,272,2333,46287,2121
1477376905,WW,2022-04-04T00:00:00Z,2237,55479,230,6227
1477376905,WW,2022-04-05T00:00:00Z,3083,39831,232,9230
1477376905,WW,2022-04-06T00:00:00Z,364,2938,17712,3999
1477376905,WW,2022-04-07T00:00:00Z,2852,39259,383,7526
1477376905,WW,2022-04-08T00:00:00Z,439,2725,22178,2429
1477376905,WW,2022-04-09T00:00:00Z,379,2593,21794,4561
1477376905,WW,2022-04-10T00:00:00Z,282,2524,15245,2331
1477376905,WW,2022-04-11T00:00:00Z,274,1884,28363,5112
1477376905,WW,2022-04-12T00:00:00Z,304,2795,27447,6752
1477376905,WW,2022-04-13T00:00:00Z,3407,31832,391,4537
1477376905,WW,2022-04-14T00:00:00Z,3196,60380,372,10249
1477376905,WW,2022-04-15T00:00:00Z,2909,38077,394,5920
1477376905,WW,2022-04-16T00:00:00Z,438,3085,62840,7225
1477376905,WW,2022-04-17T00:00:00Z,2969,51352,456,6329
1477376905,WW,2022-04-18T00:00:00Z,409,2892,67911,8168
1477376905,WW,2022-04-19T00:00:00Z,445,2971,100837,7697
1477376905,WW,2022-04-20T00:00:00Z,3351,35709,494,4841
1477376905,WW,2022-04-21T00:00:00Z,441,3655,33101,8064
1477376905,WW,2022-04-22T00:00:00Z,4297,47184,451,6907
1477376905,WW,2022-04-23T00:00:00Z,4067,26529,506,6809
1477376905,WW,2022-04-24T00:00:00Z,484,3578,37516,6169
1477376905,WW,2022-04-25T00:00:00Z,460,3137,57412,9942
1477376905,WW,2022-04-26T00:00:00Z,451,3521,159852,2881
1477376905,WW,2022-04-27T00:00:00Z,536,3634,65541,3858
1477376905,WW,2022-04-28T00:00:00Z,3465,139305,506,5067
1477376905,WW,2022-04-29T00:00:00Z,3746,58944,538,2856
1477376905,WW,2022-04-30T00:00:00Z,578,4019,46746,6627
1477376905,WW,2022-05-01T00:00:00Z,485,3168,55157,9344
1477376905,WW,2022-05-02T00:00:00Z,427,2724,52263,6347
1477376905,WW,2022-05-03T00:00:00Z,359,3210,130595,3890
1477376905,WW,2022-05-04T00:00:00Z,430,3343,36681,3542
1477376905,WW,2022-05-05T00:00:00Z,409,3912,77117,6756
1477376905,WW,2022-05-06T00:00:00Z,413,3859,55077,3233
1477376905,WW,2022-05-07T00:00:00Z,455,3652,49386,15456
1477376905,WW,2022-05-08T00:00:00Z,495,3969,40564,6151
1477376905,WW,2022-05-09T00:00:00Z,3278,69824,406,4783
1477376905,WW,2022-05-10T00:00:00Z,294,4172,90043,2504
1477376905,WW,2022-05-11T00:00:00Z,4204,33055,415,2560
1477376905,WW,2022-05-12T00:00:00Z,396,3790,85401,5929
1477376905,WW,2022-05-13T00:00:00Z,546,4126,44051,8548
1477376905,WW,2022-05-14T00:00:00Z,534,3888,51126,9125
1477376905,WW,2022-05-15T00:00:00Z,377,3068,44953,6193
1477376905,WW,2022-05-16T00:00:00Z,355,2506,88122,5494
1477376905,WW,2022-05-17T00:00:00Z,298,3180,47996,4609
1477376905,WW,2022-05-18T00:00:00Z,420,4665,47908,6064
1477376905,WW,2022-05-19T00:00:00Z,469,4479,112037,11845
1477376905,WW,2022-05-20T00:00:00Z,486,4690,37068,11975
1477376905,WW,2022-05-21T00:00:00Z,3805,38947,546,11152
1477376905,WW,2022-05-22T00:00:00Z,3823,37320,586,7423
1477376905,WW,2022-05-23T00:00:00Z,3779,25643,424,5549
1477376905,WW,2022-05-24T00:00:00Z,413,3737,60459,6223
1477376905,WW,2022-05-25T00:00:00Z,3982,64238,438,4794
1477376905,WW,2022-05-26T00:00:00Z,4292,89597,492,12812
1477376905,WW,2022-05-27T00:00:00Z,523,4010,62332,12424
1477376905,WW,2022-05-28T00:00:00Z,478,4512,65367,11471
1477376905,WW,2022-05-29T00:00:00Z,462,49233,3271,6739
1477376905,WW,2022-05-30T00:00:00Z,437,3334,42565,4618
1477376905,WW,2022-05-31T00:00:00Z,409,4636,77689,4803
1477376905,WW,2022-06-01T00:00:00Z,446,4484,96894,3633
1477376905,WW,2022-06-02T00:00:00Z,442,4250,55417,6739
1477376905,WW,2022-06-03T00:00:00Z,4614,65259,466,11281
1477376905,WW,2022-06-04T00:00:00Z,5292,46610,402,9625
1477376905,WW,2022-06-05T00:00:00Z,3522,50318,530,8849
1477376905,WW,2022-06-06T00:00:00Z,3023,50792,360,6130
1477376905,WW,2022-06-07T00:00:00Z,440,3482,126891,4308
1477376905,WW,2022-06-08T00:00:00Z,462,3682,54718,2983
1477376905,WW,2022-06-09T00:00:00Z,448,3784,109142,6555
1477376905,WW,2022-06-10T00:00:00Z,483,3903,73180,12855
1477376905,WW,2022-06-11T00:00:00Z,503,3500,35072,2438
1477376905,WW,2022-06-12T00:00:00Z,3638,60218,478,5492
1477376905,WW,2022-06-13T00:00:00Z,389,3078,53724,5234
1477376905,WW,2022-06-14T00:00:00Z,332,3852,96610,6102
1477376905,WW,2022-06-15T00:00:00Z,494,4981,80351,4060
1477376905,WW,2022-06-16T00:00:00Z,416,4105,103177,10073
1477376905,WW,2022-06-17T00:00:00Z,564,5014,55525,8328
1477376905,WW,2022-06-18T00:00:00Z,454,4515,41999,12390
1477376905,WW,2022-06-19T00:00:00Z,4108,95931,495,10739
1477376905,WW,2022-06-20T00:00:00Z,444,3012,61902,5830
1477376905,WW,2022-06-21T00:00:00Z,434,4166,74862,8483
1477376905,WW,2022-06-22T00:00:00Z,4773,54754,437,6274
1477376905,WW,2022-06-23T00:00:00Z,3930,63983,439,10010
1477376905,WW,2022-06-24T00:00:00Z,525,4189,60045,6202
1477376905,WW,2022-06-25T00:00:00Z,3191,101495,442,5660
1477376905,WW,2022-06-26T00:00:00Z,605,3090,152277,4459
1477376905,WW,2022-06-27T00:00:00Z,388,3336,59353,3142
1477376905,WW,2022-06-28T00:00:00Z,4190,105542,344,7154
1477376905,WW,2022-06-29T00:00:00Z,4048,110904,451,5836
1477376905,WW,2022-06-30T00:00:00Z,434,4143,153077,10290
1477376905,WW,2022-07-01T00:00:00Z,4578,96289,699,3713
1477376905,WW,2022-07-02T00:00:00Z,4282,78273,537,10537
1477376905,WW,2022-07-03T00:00:00Z,3116,120598,417,16188
1477376905,WW,2022-07-04T00:00:00Z,383,3430,54459,5386
1477376905,WW,2022-07-05T00:00:00Z,385,4234,154456,7010
1477376905,WW,2022-07-06T00:00:00Z,4364,68975,376,6357
1477376905,WW,2022-07-07T00:00:00Z,340,4165,137752,9794
1477376905,WW,2022-07-08T00:00:00Z,425,3684,89251,3739
1477376905,WW,2022-07-09T00:00:00Z,486,3583,60700,5814
1477376905,WW,2022-07-10T00:00:00Z,3570,138609,528,11669
1477376905,WW,2022-07-11T00:00:00Z,475,3428,63902,3451
1477376905,WW,2022-07-12T00:00:00Z,436,3978,219059,5728
1477376905,WW,2022-07-13T00:00:00Z,487,4092,77352,2946
1477376905,WW,2022-07-14T00:00:00Z,454,4456,118413,8118
1477376905,WW,2022-07-15T00:00:00Z,461,4569,65576,3580
1477376905,WW,2022-07-16T00:00:00Z,4061,81802,474,8821
1477376905,WW,2022-07-17T00:00:00Z,478,3496,121128,12207
1477376905,WW,2022-07-18T00:00:00Z,457,3009,58673,11485
1477376905,WW,2022-07-19T00:00:00Z,350,3800,99817,13380
1477376905,WW,2022-07-20T00:00:00Z,448,3929,66340,5500
1477376905,WW,2022-07-21T00:00:00Z,402,3748,124482,6857
1477376905,WW,2022-07-22T00:00:00Z,424,4141,48054,5530
1477376905,WW,2022-07-23T00:00:00Z,434,3650,57814,4598
1477376905,WW,2022-07-24T00:00:00Z,548,3302,88767,8808
1477376905,WW,2022-07-25T00:00:00Z,3653,39103,494,5410
1477376905,WW,2022-07-26T00:00:00Z,432,4295,132542,7095
1477376905,WW,2022-07-27T00:00:00Z,457,4843,55191,2928
1477376905,WW,2022-07-28T00:00:00Z,477,4170,113199,5455
1477376905,WW,2022-07-29T00:00:00Z,492,3858,66648,3874
1477376905,WW,2022-07-30T00:00:00Z,540,3158,85681,5931
1477376905,WW,2022-07-31T00:00:00Z,553,2859,78589,4897
1477376905,WW,2022-08-01T00:00:00Z,482,2850,57112,3324
1477376905,WW,2022-08-02T00:00:00Z,411,3207,161536,3016
1477376905,WW,2022-08-03T00:00:00Z,3417,50093,461,4485
1477376905,WW,2022-08-04T00:00:00Z,3468,83072,408,10153
1477376905,WW,2022-08-05T00:00:00Z,572,3614,57918,3954
1477376905,WW,2022-08-06T00:00:00Z,3533,77603,474,5024
1477376905,WW,2022-08-07T00:00:00Z,494,2901,72950,6112
1477376905,WW,2022-08-08T00:00:00Z,557,2243,54026,3353
1477376905,WW,2022-08-09T00:00:00Z,474,3285,132421,3651
1477376905,WW,2022-08-10T00:00:00Z,544,3923,69262,3467
1477376905,WW,2022-08-11T00:00:00Z,449,3899,78066,6575
1477376905,WW,2022-08-12T00:00:00Z,575,3912,47868,3372
1477376905,WW,2022-08-13T00:00:00Z,636,3456,72844,4898
1477376905,WW,2022-08-14T00:00:00Z,739,2950,58930,6779
1477376905,WW,2022-08-15T00:00:00Z,604,3029,55310,4982
1477376905,WW,2022-08-16T00:00:00Z,3403,137630,479,5845
1477376905,WW,2022-08-17T00:00:00Z,564,3972,53029,3277
1477376905,WW,2022-08-18T00:00:00Z,3575,152123,521,10847
1477376905,WW,2022-08-19T00:00:00Z,628,3342,57941,6230
1477376905,WW,2022-08-20T00:00:00Z,3473,72458,626,5767
1477376905,WW,2022-08-21T00:00:00Z,457,2442,60267,9452
1477376905,WW,2022-08-22T00:00:00Z,401,3083,51071,14462
1477376905,WW,2022-08-23T00:00:00Z,442,3638,86213,18805
1477376905,WW,2022-08-24T00:00:00Z,509,4063,40675,4468
1477376905,WW,2022-08-25T00:00:00Z,4581,79674,466,10799
1477376905,WW,2022-08-26T00:00:00Z,548,4046,41122,6981
1477376905,WW,2022-08-27T00:00:00Z,596,3468,73164,3976
1477376905,WW,2022-08-28T00:00:00Z,512,3288,67317,14238
1477376905,WW,2022-08-29T00:00:00Z,389,2653,73909,7442
1477376905,WW,2022-08-30T00:00:00Z,368,3392,85285,10230
1477376905,WW,2022-08-31T00:00:00Z,4061,61941,403,6234
1477376905,WW,2022-09-01T00:00:00Z,409,3658,81734,10507
1477376905,WW,2022-09-02T00:00:00Z,484,3711,71287,5960
1477376905,WW,2022-09-03T00:00:00Z,546,3819,59788,6096
1477376905,WW,2022-09-04T00:00:00Z,482,3621,112733,17229
1477376905,WW,2022-09-05T00:00:00Z,435,3419,77722,8906
1477376905,WW,2022-09-06T00:00:00Z,3474,63467,320,8624
1477376905,WW,2022-09-07T00:00:00Z,4859,82334,436,6452
1477376905,WW,2022-09-08T00:00:00Z,394,4776,144297,7334
1477376905,WW,2022-09-09T00:00:00Z,402,4188,54457,6328
1477376905,WW,2022-09-10T00:00:00Z,539,4485,46918,5422
1477376905,WW,2022-09-11T00:00:00Z,470,3159,116904,14781
1477376905,WW,2022-09-12T00:00:00Z,415,3282,118982,7729
1477376905,WW,2022-09-13T00:00:00Z,4058,49538,393,7752
1477376905,WW,2022-09-14T00:00:00Z,516,4324,35582,3335
1477376905,WW,2022-09-15T00:00:00Z,444,4491,94041,8486
1477376905,WW,2022-09-16T00:00:00Z,605,4440,37966,6650
1477376905,WW,2022-09-17T00:00:00Z,617,4235,35214,9505
1477376905,WW,2022-09-18T00:00:00Z,3502,78160,468,22543
1477376905,WW,2022-09-19T00:00:00Z,3061,88622,401,6641
1477376905,WW,2022-09-20T00:00:00Z,330,3276,48529,8138
1477376905,WW,2022-09-21T00:00:00Z,382,3722,43027,6304
1477376905,WW,2022-09-22T00:00:00Z,386,3430,74812,9539
1477376905,WW,2022-09-23T00:00:00Z,373,3279,43780,7076
1477376905,WW,2022-09-24T00:00:00Z,3482,37489,548,5961
1477376905,WW,2022-09-25T00:00:00Z,3311,82764,433,16025
1477376905,WW,2022-09-26T00:00:00Z,3301,76174,375,6774
1477376905,WW,2022-09-27T00:00:00Z,458,3938,63864,4265
1477376905,WW,2022-09-28T00:00:00Z,496,4220,86883,7167
1477376905,WW,2022-09-29T00:00:00Z,440,4147,142139,11025
1477376905,WW,2022-09-30T00:00:00Z,535,4429,75856,10493
1477376905,WW,2022-10-01T00:00:00Z,501,4722,88744,7989
1477376905,WW,2022-10-02T00:00:00Z,511,4200,59411,13668
1477376905,WW,2022-10-03T00:00:00Z,3964,53584,472,5540
1477376905,WW,2022-10-04T00:00:00Z,419,4212,59350,6870
1477376905,WW,2022-10-05T00:00:00Z,499,5085,67755,6786
1477376905,WW,2022-10-06T00:00:00Z,517,4932,101394,11175
1477376905,WW,2022-10-07T00:00:00Z,588,4461,37241,8506
1477376905,WW,2022-10-08T00:00:00Z,716,4592,62066,7287
1477376905,WW,2022-10-09T00:00:00Z,3833,54087,507,14032
1477376905,WW,2022-10-10T00:00:00Z,3465,73902,415,4188
1477376905,WW,2022-10-11T00:00:00Z,438,4021,68860,3711
1477376905,WW,2022-10-12T00:00:00Z,460,4722,79677,3664
1477376905,WW,2022-10-13T00:00:00Z,523,4634,59358,5673
1477376905,WW,2022-10-14T00:00:00Z,627,5193,49193,3555
1477376905,WW,2022-10-15T00:00:00Z,630,4726,62888,6810
1477376905,WW,2022-10-16T00:00:00Z,607,4335,61415,16955
1477376905,WW,2022-10-17T00:00:00Z,3766,73831,565,5166
1477376905,WW,2022-10-18T00:00:00Z,4051,108372,450,5900
1477376905,WW,2022-10-19T00:00:00Z,4044,86309,554,4466
1477376905,WW,2022-10-20T00:00:00Z,3754,87450,457,4685
1477376905,WW,2022-10-21T00:00:00Z,4105,95379,531,7415
1477376905,WW,2022-10-22T00:00:00Z,696,3944,60963,8326
1477376905,WW,2022-10-23T00:00:00Z,3560,42714,536,12880
1477376905,WW,2022-10-24T00:00:00Z,3249,61653,465,6189
1477376905,WW,2022-10-25T00:00:00Z,4052,105747,463,7131
1477376905,WW,2022-10-26T00:00:00Z,4221,45045,504,5035
1477376905,WW,2022-10-27T00:00:00Z,461,4213,86478,5679
1477376905,WW,2022-10-28T00:00:00Z,4508,76425,549,6569
1477376905,WW,2022-10-29T00:00:00Z,4315,71211,604,5232
1477376905,WW,2022-10-30T00:00:00Z,572,4266,65320,16472
1477376905,WW,2022-10-31T00:00:00Z,3793,65555,430,5830
1477376905,WW,2022-11-01T00:00:00Z,464,4549,115871,4125
1477376905,WW,2022-11-02T00:00:00Z,606,4750,76254,5537
1477376905,WW,2022-11-03T00:00:00Z,4289,107721,492,6946
1477376905,WW,2022-11-04T00:00:00Z,4416,74310,483,6274
1477376905,WW,2022-11-05T00:00:00Z,559,4213,59125,7033
1477376905,WW,2022-11-06T00:00:00Z,4088,66921,500,14300
1477376905,WW,2022-11-07T00:00:00Z,3614,68568,450,6062
1477376905,WW,2022-11-08T00:00:00Z,447,3753,92234,8826
1477376905,WW,2022-11-09T00:00:00Z,558,4995,41424,3818
1477376905,WW,2022-11-10T00:00:00Z,502,4564,77739,7680
1477376905,WW,2022-11-11T00:00:00Z,555,4525,61051,7946
1477376905,WW,2022-11-12T00:00:00Z,702,4772,51075,5616
1477376905,WW,2022-11-13T00:00:00Z,584,3613,46089,7859
1477376905,WW,2022-11-14T00:00:00Z,454,3345,93239,4916
1477376905,WW,2022-11-15T00:00:00Z,503,4393,125084,8820
1477376905,WW,2022-11-16T00:00:00Z,580,4327,68691,3636
1477376905,WW,2022-11-17T00:00:00Z,494,4181,110065,6922
1477376905,WW,2022-11-18T00:00:00Z,663,4625,39281,6505
1477376905,WW,2022-11-19T00:00:00Z,659,4330,43484,3636
1477376905,WW,2022-11-20T00:00:00Z,618,4071,92850,5035
1477376905,WW,2022-11-21T00:00:00Z,3862,59720,458,7045
1477376905,WW,2022-11-22T00:00:00Z,3910,64206,378,14116
1477376905,WW,2022-11-23T00:00:00Z,4536,45074,677,5891
1477376905,WW,2022-11-24T00:00:00Z,3891,76504,465,7808
1477376905,WW,2022-11-25T00:00:00Z,4814,65506,513,8689
1477376905,WW,2022-11-26T00:00:00Z,4819,55178,651,3574
1477376905,WW,2022-11-27T00:00:00Z,3018,71161,517,5750
1477376905,WW,2022-11-28T00:00:00Z,397,3189,45521,8387
1477376905,WW,2022-11-29T00:00:00Z,3468,73265,407,15087
1477376905,WW,2022-11-30T00:00:00Z,616,3485,57739,6033
1477376905,WW,2022-12-01T00:00:00Z,3432,126914,427,5096
1477376905,WW,2022-12-02T00:00:00Z,550,3955,56677,4899
1477376905,WW,2022-12-03T00:00:00Z,513,3637,50803,6826
1477376905,WW,2022-12-04T00:00:00Z,510,3513,67724,9151
1477376905,WW,2022-12-05T00:00:00Z,3152,65714,402,10139
1477376905,WW,2022-12-06T00:00:00Z,3236,91844,404,9132
1477376905,WW,2022-12-07T00:00:00Z,410,3433,45923,5292
1477376905,WW,2022-12-08T00:00:00Z,405,3578,91465,7022
1477376905,WW,2022-12-09T00:00:00Z,520,3545,37571,3843
1477376905,WW,2022-12-10T00:00:00Z,560,4035,43415,3132
1477376905,WW,2022-12-11T00:00:00Z,518,3549,59749,6353
1477376905,WW,2022-12-12T00:00:00Z,416,3090,52601,5295
1477376905,WW,2022-12-13T00:00:00Z,4367,74507,381,7484
1477376905,WW,2022-12-14T00:00:00Z,512,4120,42623,6890
1477376905,WW,2022-12-15T00:00:00Z,410,4257,98223,6620
1477376905,WW,2022-12-16T00:00:00Z,524,3904,41829,5428
1477376905,WW,2022-12-17T00:00:00Z,501,4073,41277,12124
1477376905,WW,2022-12-18T00:00:00Z,3773,69616,502,7907
1477376905,WW,2022-12-19T00:00:00Z,413,2888,49383,4721
1477376905,WW,2022-12-20T00:00:00Z,3150,109426,372,8467
1477376905,WW,2022-12-21T00:00:00Z,501,4007,50712,5279
1477376905,WW,2022-12-22T00:00:00Z,3900,67555,454,7747
1477376905,WW,2022-12-23T00:00:00Z,513,3898,39872,5029
1477376905,WW,2022-12-24T00:00:00Z,585,4339,42542,3999
1477376905,WW,2022-12-25T00:00:00Z,494,3218,63083,10950
1477376905,WW,2022-12-26T00:00:00Z,3568,49336,430,7461
1477376905,WW,2022-12-27T00:00:00Z,509,3934,135653,8827
1477376905,WW,2022-12-28T00:00:00Z,570,3841,56606,5956
1477376905,WW,2022-12-29T00:00:00Z,480,4549,116104,6811
1477376905,WW,2022-12-30T00:00:00Z,484,3971,52887,4616
1477376905,WW,2022-12-31T00:00:00Z,542,3518,55752,3698
1477376905,WW,2023-01-01T00:00:00Z,506,3497,68358,8360
1477376905,WW,2023-01-02T00:00:00Z,3230,97347,532,4339
1477376905,WW,2023-01-03T00:00:00Z,3628,187613,426,10713
1477376905,WW,2023-01-04T00:00:00Z,3976,45568,524,4672
1477376905,WW,2023-01-05T00:00:00Z,3964,67218,469,6437
1477376905,WW,2023-01-06T00:00:00Z,588,3893,53033,4534
1477376905,WW,2023-01-07T00:00:00Z,525,4194,51189,5682
1477376905,WW,2023-01-08T00:00:00Z,494,3997,73485,7126
1477376905,WW,2023-01-09T00:00:00Z,413,3382,61303,6153
1477376905,WW,2023-01-10T00:00:00Z,388,3950,130061,8138
1477376905,WW,2023-01-11T00:00:00Z,4264,60681,556,7103
1477376905,WW,2023-01-12T00:00:00Z,503,3977,134662,9004
1477376905,WW,2023-01-13T00:00:00Z,571,4088,36354,3857
1477376905,WW,2023-01-14T00:00:00Z,654,4019,45345,6890
1477376905,WW,2023-01-15T00:00:00Z,521,3582,63030,7010
1477376905,WW,2023-01-16T00:00:00Z,3314,75898,374,5135
1477376905,WW,2023-01-17T00:00:00Z,4016,139927,408,8518
1477376905,WW,2023-01-18T00:00:00Z,470,4155,49412,3863
1477376905,WW,2023-01-19T00:00:00Z,420,4127,78511,5140
1477376905,WW,2023-01-20T00:00:00Z,489,4403,40342,4075
1477376905,WW,2023-01-21T00:00:00Z,523,3814,50056,5252
1477376905,WW,2023-01-22T00:00:00Z,508,3620,47107,12857
1477376905,WW,2023-01-23T00:00:00Z,442,3158,43631,5767
1477376905,WW,2023-01-24T00:00:00Z,3356,99902,428,6254
1477376905,WW,2023-01-25T00:00:00Z,4063,40579,617,5765
1477376905,WW,2023-01-26T00:00:00Z,4167,88757,430,6641
1477376905,WW,2023-01-27T00:00:00Z,470,4075,91535,2991
1477376905,WW,2023-01-28T00:00:00Z,591,4106,45098,5304
1477376905,WW,2023-01-29T00:00:00Z,640,3659,58913,8191
1477376905,WW,2023-01-30T00:00:00Z,3293,71054,411,3929
1477376905,WW,2023-01-31T00:00:00Z,4259,58803,424,5814
1477376905,WW,2023-02-01T00:00:00Z,543,4808,56725,2636
1477376905,WW,2023-02-02T00:00:00Z,4598,147462,493,3705
1477376905,WW,2023-02-03T00:00:00Z,4680,50869,530,6879
1477376905,WW,2023-02-04T00:00:00Z,646,4704,60088,4893
1477376905,WW,2023-02-05T00:00:00Z,582,3251,56410,13517
1477376905,WW,2023-02-06T00:00:00Z,3076,62028,396,5171
1477376905,WW,2023-02-07T00:00:00Z,3991,96035,401,8354
1477376905,WW,2023-02-08T00:00:00Z,3745,45301,536,4817
1477376905,WW,2023-02-09T00:00:00Z,4584,48590,456,6559
1477376905,WW,2023-02-10T00:00:00Z,567,5124,62286,7825
1477376905,WW,2023-02-11T00:00:00Z,4578,47086,578,11073
1477376905,WW,2023-02-12T00:00:00Z,551,4026,43181,13452
1477376905,WW,2023-02-13T00:00:00Z,3786,54673,437,5846
1477376905,WW,2023-02-14T00:00:00Z,415,4364,73913,5214
1477376905,WW,2023-02-15T00:00:00Z,516,4420,55641,2941
1477376905,WW,2023-02-16T00:00:00Z,522,4190,80051,4702
1477376905,WW,2023-02-17T00:00:00Z,4276,58792,532,7000
1477376905,WW,2023-02-18T00:00:00Z,685,4614,55580,7857
1477376905,WW,2023-02-19T00:00:00Z,4007,75593,9877,611
1477376905,WW,2023-02-20T00:00:00Z,3436,62279,441,6048
1477376905,WW,2023-02-21T00:00:00Z,520,5128,61294,13773
1477376905,WW,2023-02-22T00:00:00Z,653,5326,45303,5342
1477376905,WW,2023-02-23T00:00:00Z,4774,41975,562,4571
1477376905,WW,2023-02-24T00:00:00Z,5374,37787,632,5723
1477376905,WW,2023-02-25T00:00:00Z,5239,39730,620,4915
1477376905,WW,2023-02-26T00:00:00Z,4912,64488,608,8865
1477376905,WW,2023-02-27T00:00:00Z,3382,147923,470,6693
1477376905,WW,2023-02-28T00:00:00Z,4427,130470,482,10244
1477376905,WW,2023-03-01T00:00:00Z,4385,100898,579,4658
1477376905,WW,2023-03-02T00:00:00Z,4463,86339,562,6132
1477376905,WW,2023-03-03T00:00:00Z,614,4598,47744,8029
1477376905,WW,2023-03-04T00:00:00Z,4673,52100,749,5128
1477376905,WW,2023-03-05T00:00:00Z,4818,52681,560,11226
1477376905,WW,2023-03-06T00:00:00Z,4155,109565,447,7057
1477376905,WW,2023-03-07T00:00:00Z,4944,63579,504,10309
1477376905,WW,2023-03-08T00:00:00Z,528,4462,66282,5139
1477376905,WW,2023-03-09T00:00:00Z,4592,75754,578,7069
1477376905,WW,2023-03-10T00:00:00Z,597,4610,57015,5773
1477376905,WW,2023-03-11T00:00:00Z,571,5209,64912,10239
1477376905,WW,2023-03-12T00:00:00Z,4637,65172,573,11674
1477376905,WW,2023-03-13T00:00:00Z,562,3581,96869,6747
1477376905,WW,2023-03-14T00:00:00Z,536,3993,107747,8057
1477376905,WW,2023-03-15T00:00:00Z,633,5353,57757,4015
1477376905,WW,2023-03-16T00:00:00Z,4410,69285,593,7292
1477376905,WW,2023-03-17T00:00:00Z,639,4968,39228,11600
1477376905,WW,2023-03-18T00:00:00Z,5159,67217,736,15422
1477376905,WW,2023-03-19T00:00:00Z,4381,77638,544,9141
1477376905,WW,2023-03-20T00:00:00Z,464,3480,112577,6532
1477376905,WW,2023-03-21T00:00:00Z,579,4537,87368,9805
1477376905,WW,2023-03-22T00:00:00Z,612,4415,51730,6392
1477376905,WW,2023-03-23T00:00:00Z,608,4661,46009,7692
1477376905,WW,2023-03-24T00:00:00Z,634,5162,64153,3854
1477376905,WW,2023-03-25T00:00:00Z,607,4139,60517,10480
1477376905,WW,2023-03-26T00:00:00Z,3904,96673,555,10111
1477376905,WW,2023-03-27T00:00:00Z,464,3502,110777,7762
1477376905,WW,2023-03-28T00:00:00Z,456,7329,3907,76454
1477376905,WW,2023-03-29T00:00:00Z,692,3609,4755,53623
1477376905,WW,2023-03-30T00:00:00Z,628,6123,4388,85633
1477376905,WW,2023-03-31T00:00:00Z,3658,4700,113297,727
1477376905,WW,2023-04-01T00:00:00Z,3522,4339,80801,639
1477376905,WW,2023-04-02T00:00:00Z,14843,4441,96028,560
1477376905,WW,2023-04-03T00:00:00Z,479,9581,3789,128789
1477376905,WW,2023-04-04T00:00:00Z,495,11626,4003,54767
1477376905,WW,2023-04-05T00:00:00Z,3973,52388,624,5176
1477376905,WW,2023-04-06T00:00:00Z,583,4226,77672,4336
1477376905,WW,2023-04-07T00:00:00Z,4079,97726,732,9476
1477376905,WW,2023-04-08T00:00:00Z,4022,47023,722,7046
1477376905,WW,2023-04-09T00:00:00Z,669,3917,49268,10721
1477376905,WW,2023-04-10T00:00:00Z,484,3267,122721,6787
1477376905,WW,2023-04-11T00:00:00Z,498,3910,86078,11535
1477376905,WW,2023-04-12T00:00:00Z,515,4045,63590,5617
1477376905,WW,2023-04-13T00:00:00Z,497,4377,72278,11800
1477376905,WW,2023-04-14T00:00:00Z,618,4353,98371,7319
1477376905,WW,2023-04-15T00:00:00Z,658,4153,65366,9786
1477376905,WW,2023-04-16T00:00:00Z,645,4472,69588,15421
1477376905,WW,2023-04-17T00:00:00Z,494,3845,102533,7212
1477376905,WW,2023-04-18T00:00:00Z,506,3542,85352,13333
1477376905,WW,2023-04-19T00:00:00Z,591,4087,55281,3676
1477376905,WW,2023-04-20T00:00:00Z,3779,117225,619,6190
1477376905,WW,2023-04-21T00:00:00Z,593,4398,98950,6743
1477376905,WW,2023-04-22T00:00:00Z,576,4206,53303,9926
1477376905,WW,2023-04-23T00:00:00Z,604,3549,71692,4942
1477376905,WW,2023-04-24T00:00:00Z,568,3187,51099,9298
1477376905,WW,2023-04-25T00:00:00Z,539,4415,91977,15625
1477376905,WW,2023-04-26T00:00:00Z,680,4145,60306,5081
1477376905,WW,2023-04-27T00:00:00Z,575,4494,3889,117958
1477376905,WW,2023-04-28T00:00:00Z,645,8563,3849,71707
1477376905,WW,2023-04-29T00:00:00Z,574,4811,4532,63786
1477376905,WW,2023-04-30T00:00:00Z,5845,4661,57343,521
1477376905,WW,2023-05-01T00:00:00Z,475,11255,3646,44883
1477376905,WW,2023-05-02T00:00:00Z,424,9244,3428,94655
1477376905,WW,2023-05-03T00:00:00Z,5939,4590,55783,477
1477376905,WW,2023-05-04T00:00:00Z,9734,4618,102088,543
1477376905,WW,2023-05-05T00:00:00Z,588,4995,107983,7125
1477376905,WW,2023-05-06T00:00:00Z,4509,64235,698,10570
1477376905,WW,2023-05-07T00:00:00Z,574,3496,78998,12944
1477376905,WW,2023-05-08T00:00:00Z,433,3147,52320,9451
1477376905,WW,2023-05-09T00:00:00Z,521,3776,55593,9831
1477376905,WW,2023-05-10T00:00:00Z,659,4389,61477,6235
1477376905,WW,2023-05-11T00:00:00Z,493,4142,116343,13517
1477376905,WW,2023-05-12T00:00:00Z,533,4530,80652,7483
1477376905,WW,2023-05-13T00:00:00Z,595,4437,64864,14543
1477376905,WW,2023-05-14T00:00:00Z,3897,68990,581,11545
1477376905,WW,2023-05-15T00:00:00Z,413,3573,64439,8724
1477376905,WW,2023-05-16T00:00:00Z,506,4120,130855,6494
1477376905,WW,2023-05-17T00:00:00Z,705,5036,53969,3574
1477376905,WW,2023-05-18T00:00:00Z,658,5043,112090,15802
1477376905,WW,2023-05-19T00:00:00Z,691,4425,81143,6184
1477376905,WW,2023-05-20T00:00:00Z,764,4406,62270,9366
1477376905,WW,2023-05-21T00:00:00Z,3978,69829,613,17434
1477376905,WW,2023-05-22T00:00:00Z,494,3378,51484,14024
1477376905,WW,2023-05-23T00:00:00Z,471,4400,149855,10010
1477376905,WW,2023-05-24T00:00:00Z,521,4434,72229,4609
1477376905,WW,2023-05-25T00:00:00Z,596,4953,112136,11222
1477376905,WW,2023-05-26T00:00:00Z,534,5333,97586,6059
1477376905,WW,2023-05-27T00:00:00Z,11540,3858,78885,636
1477376905,WW,2023-05-28T00:00:00Z,12426,4196,84017,623
1477376905,WW,2023-05-29T00:00:00Z,465,10546,3457,61123
1477376905,WW,2023-05-30T00:00:00Z,8073,3929,102566,418
1477376905,WW,2023-05-31T00:00:00Z,587,5674,4762,65650
1477376905,WW,2023-06-01T00:00:00Z,620,13901,4477,153154
1477376905,WW,2023-06-02T00:00:00Z,582,6835,5150,103316
1477376905,WW,2023-06-03T00:00:00Z,557,15500,4001,79959
1477376905,WW,2023-06-04T00:00:00Z,522,3713,89724,14562
1477376905,WW,2023-06-05T00:00:00Z,437,3258,94870,10482
1477376905,WW,2023-06-06T00:00:00Z,503,4608,144498,4833
1477376905,WW,2023-06-07T00:00:00Z,519,5072,4864,77833
1477376905,WW,2023-06-08T00:00:00Z,546,4388,187043,8028
1477376905,WW,2023-06-09T00:00:00Z,571,4606,74735,6495
1477376905,WW,2023-06-10T00:00:00Z,635,4081,102435,10015
1477376905,WW,2023-06-11T00:00:00Z,458,3671,88339,15248
1477376905,WW,2023-06-12T00:00:00Z,357,3515,133079,12862
1477376905,WW,2023-06-13T00:00:00Z,434,3998,141651,6609
1477376905,WW,2023-06-14T00:00:00Z,585,4226,78306,3525
1477376905,WW,2023-06-15T00:00:00Z,508,4419,118656,6187
1477376905,WW,2023-06-16T00:00:00Z,576,4128,103657,8415
1477376905,WW,2023-06-17T00:00:00Z,638,3374,65293,13168
1477376905,WW,2023-06-18T00:00:00Z,596,3726,65157,17974
1477376905,WW,2023-06-19T00:00:00Z,471,3510,80335,9714
1477376905,WW,2023-06-20T00:00:00Z,516,4072,198854,6370
1477376905,WW,2023-06-21T00:00:00Z,630,4249,90391,4109
1477376905,WW,2023-06-22T00:00:00Z,485,4011,71499,12144
1477376905,WW,2023-06-23T00:00:00Z,540,4485,58477,2907
1477376905,WW,2023-06-24T00:00:00Z,659,4316,52092,6741
1477376905,WW,2023-06-25T00:00:00Z,517,4075,53302,10161
1477376905,WW,2023-06-26T00:00:00Z,448,3820,67947,12233
1477376905,WW,2023-06-27T00:00:00Z,451,9438,3799,49749
1477376905,WW,2023-06-28T00:00:00Z,533,6406,3786,46062
1477376905,WW,2023-06-29T00:00:00Z,526,9296,3913,92250
1477376905,WW,2023-06-30T00:00:00Z,575,5267,4138,67885
1477376905,WW,2023-07-01T00:00:00Z,637,9307,3815,103914
1477376905,WW,2023-07-02T00:00:00Z,652,14724,3914,105808
1477376905,WW,2023-07-03T00:00:00Z,497,7236,3960,68117
1477376905,WW,2023-07-04T00:00:00Z,497,8472,4115,154978
1477376905,WW,2023-07-05T00:00:00Z,596,4155,68481,7411
1477376905,WW,2023-07-06T00:00:00Z,639,10707,3687,87311
1477376905,WW,2023-07-07T00:00:00Z,551,14016,3959,56617
1477376905,WW,2023-07-08T00:00:00Z,699,3966,82482,10347
1477376905,WW,2023-07-09T00:00:00Z,835,4213,80745,11542
1477376905,WW,2023-07-10T00:00:00Z,580,3810,83443,9460
1477376905,WW,2023-07-11T00:00:00Z,570,4115,173964,8651
1477376905,WW,2023-07-12T00:00:00Z,643,4212,71417,5715
1477376905,WW,2023-07-13T00:00:00Z,565,4124,65208,5920
1477376905,WW,2023-07-14T00:00:00Z,522,4149,55348,9782
1477376905,WW,2023-07-15T00:00:00Z,608,3622,67827,7447
1477376905,WW,2023-07-16T00:00:00Z,640,4113,74624,16162
1477376905,WW,2023-07-17T00:00:00Z,580,3556,73150,12367
1477376905,WW,2023-07-18T00:00:00Z,510,3959,188107,8728
1477376905,WW,2023-07-19T00:00:00Z,592,4063,73939,4534
1477376905,WW,2023-07-20T00:00:00Z,527,4198,87051,6757
1477376905,WW,2023-07-21T00:00:00Z,528,3928,123868,5974
1477376905,WW,2023-07-22T00:00:00Z,799,3703,81725,10944
1477376905,WW,2023-07-23T00:00:00Z,624,3636,64318,9550
1477376905,WW,2023-07-24T00:00:00Z,552,3694,66406,7835
1477376905,WW,2023-07-25T00:00:00Z,475,4015,152957,10509
1477376905,WW,2023-07-26T00:00:00Z,578,3980,85592,3901
1477376905,WW,2023-07-27T00:00:00Z,528,10162,3987,102442
1477376905,WW,2023-07-28T00:00:00Z,580,9720,3939,95373
1477376905,WW,2023-07-29T00:00:00Z,602,9332,3937,65228
1477376905,WW,2023-07-30T00:00:00Z,553,8180,3914,56508
1477376905,WW,2023-07-31T00:00:00Z,501,10759,3847,49588
1477376905,WW,2023-08-01T00:00:00Z,581,7928,3991,153166
1477376905,WW,2023-08-02T00:00:00Z,634,6390,4429,57632
1477376905,WW,2023-08-03T00:00:00Z,534,8135,4134,189617
1477376905,WW,2023-08-04T00:00:00Z,544,3807,60384,9103
1477376905,WW,2023-08-05T00:00:00Z,618,3401,68014,16531
1477376905,WW,2023-08-06T00:00:00Z,662,3339,64653,9664
1477376905,WW,2023-08-07T00:00:00Z,554,3427,149701,13997
1477376905,WW,2023-08-08T00:00:00Z,528,4081,136861,12177
1477376905,WW,2023-08-09T00:00:00Z,569,4145,85169,7610
1477376905,WW,2023-08-10T00:00:00Z,517,3954,98128,16977
1477376905,WW,2023-08-11T00:00:00Z,516,4240,59337,11519
1477376905,WW,2023-08-12T00:00:00Z,589,4163,76435,15175
1477376905,WW,2023-08-13T00:00:00Z,618,3592,101465,9542
1477376905,WW,2023-08-14T00:00:00Z,576,3347,160227,10782
1477376905,WW,2023-08-15T00:00:00Z,675,4225,154425,7010
1477376905,WW,2023-08-16T00:00:00Z,663,4038,52886,7649
1477376905,WW,2023-08-17T00:00:00Z,620,4355,132805,13341
1477376905,WW,2023-08-18T00:00:00Z,646,3851,59254,6011
1477376905,WW,2023-08-19T00:00:00Z,721,3775,66276,15020
1477376905,WW,2023-08-20T00:00:00Z,694,3484,95950,8106
1477376905,WW,2023-08-21T00:00:00Z,635,3096,101525,8117
1477376905,WW,2023-08-22T00:00:00Z,560,3977,40972,11650
1477376905,WW,2023-08-23T00:00:00Z,637,4085,56818,4752
1477376905,WW,2023-08-24T00:00:00Z,580,4104,98377,9534
1477376905,WW,2023-08-25T00:00:00Z,4020,50793,570,5450
1477376905,WW,2023-08-26T00:00:00Z,599,3621,85307,7965
1477376905,WW,2023-08-27T00:00:00Z,605,7511,3399,106959
1477376905,WW,2023-08-28T00:00:00Z,486,12819,3377,114032
1477376905,WW,2023-08-29T00:00:00Z,567,9744,4052,122678
1477376905,WW,2023-08-30T00:00:00Z,606,5778,3815,65970
1477376905,WW,2023-08-31T00:00:00Z,564,12349,3883,61540
1477376905,WW,2023-09-01T00:00:00Z,678,3504,4541,55580
1477376905,WW,2023-09-02T00:00:00Z,405,10622,3162,61333
1477376905,WW,2023-09-03T00:00:00Z,478,3312,110335,9185
1477376905,WW,2023-09-04T00:00:00Z,3734,123780,492,10336
1477376905,WW,2023-09-05T00:00:00Z,4670,93364,476,14783
1477376905,WW,2023-09-06T00:00:00Z,533,4025,86753,7949
1477376905,WW,2023-09-07T00:00:00Z,511,4083,105881,22718
1477376905,WW,2023-09-08T00:00:00Z,530,4160,55208,15379
1477376905,WW,2023-09-09T00:00:00Z,3526,85224,453,12004
1477376905,WW,2023-09-10T00:00:00Z,465,3359,67281,10431
1477376905,WW,2023-09-11T00:00:00Z,4008,138220,531,9277
1477376905,WW,2023-09-12T00:00:00Z,532,4128,92250,11977
1477376905,WW,2023-09-13T00:00:00Z,545,3979,65165,4455
1477376905,WW,2023-09-14T00:00:00Z,463,3782,75125,8880
1477376905,WW,2023-09-15T00:00:00Z,493,3755,117289,7466
1477376905,WW,2023-09-16T00:00:00Z,497,3800,90430,6725
1477376905,WW,2023-09-17T00:00:00Z,3318,104523,460,15333
1477376905,WW,2023-09-18T00:00:00Z,3279,135841,514,6231
1477376905,WW,2023-09-19T00:00:00Z,595,3781,112740,9610
1477376905,WW,2023-09-20T00:00:00Z,642,3621,76415,3810
1477376905,WW,2023-09-21T00:00:00Z,4028,79395,732,10041
1477376905,WW,2023-09-22T00:00:00Z,686,3745,57761,9449
1477376905,WW,2023-09-23T00:00:00Z,600,3147,116255,4582
1477376905,WW,2023-09-24T00:00:00Z,625,3144,91401,5152
1477376905,WW,2023-09-25T00:00:00Z,583,3275,65010,7100
1477376905,WW,2023-09-26T00:00:00Z,4020,67178,3969,616
1477376905,WW,2023-09-27T00:00:00Z,528,5388,3901,116271
1477376905,WW,2023-09-28T00:00:00Z,553,11092,4173,169933
1477376905,WW,2023-09-29T00:00:00Z,491,8741,4770,71107
1477376905,WW,2023-09-30T00:00:00Z,504,6347,3708,125276
1477376905,WW,2023-10-01T00:00:00Z,465,8916,3536,111646
1477376905,WW,2023-10-02T00:00:00Z,487,7165,3822,79915
1477376905,WW,2023-10-03T00:00:00Z,448,4769,3990,63112
1477376905,WW,2023-10-04T00:00:00Z,3934,92066,468,4899
1477376905,WW,2023-10-05T00:00:00Z,4020,141079,459,22695
1477376905,WW,2023-10-06T00:00:00Z,3945,83734,488,5463
1477376905,WW,2023-10-07T00:00:00Z,3546,110398,8663,398
1477376905,WW,2023-10-08T00:00:00Z,435,3396,89668,9887
1477376905,WW,2023-10-09T00:00:00Z,433,3270,144768,6156
1477376905,WW,2023-10-10T00:00:00Z,468,3794,135884,6682
1477376905,WW,2023-10-11T00:00:00Z,3804,77923,502,5299
1477376905,WW,2023-10-12T00:00:00Z,459,4263,144408,17002
1477376905,WW,2023-10-13T00:00:00Z,632,4317,112804,11592
1477376905,WW,2023-10-14T00:00:00Z,461,3496,109810,6342
1477376905,WW,2023-10-15T00:00:00Z,453,3412,60556,8091
1477376905,WW,2023-10-16T00:00:00Z,3907,68685,514,6627
1477376905,WW,2023-10-17T00:00:00Z,532,3912,66445,6287
1477376905,WW,2023-10-18T00:00:00Z,556,4094,79154,5206
1477376905,WW,2023-10-19T00:00:00Z,3991,93109,455,9583
1477376905,WW,2023-10-20T00:00:00Z,486,3889,109213,8551
1477376905,WW,2023-10-21T00:00:00Z,3259,98081,470,7410
1477376905,WW,2023-10-22T00:00:00Z,3526,57063,547,8502
1477376905,WW,2023-10-23T00:00:00Z,478,3351,62140,3778
1477376905,WW,2023-10-24T00:00:00Z,3918,89617,491,4647
1477376905,WW,2023-10-25T00:00:00Z,478,3941,50551,5254
1477376905,WW,2023-10-26T00:00:00Z,420,3683,273764,11249
1477376905,WW,2023-10-27T00:00:00Z,9977,3871,124706,465
1477376905,WW,2023-10-28T00:00:00Z,436,7486,2996,62891
1477376905,WW,2023-10-29T00:00:00Z,9715,3188,70644,429
1477376905,WW,2023-10-30T00:00:00Z,6251,3173,79513,366
1477376905,WW,2023-10-31T00:00:00Z,3880,98832,405,7830
1477376905,WW,2023-11-01T00:00:00Z,6058,4040,62465,432
1477376905,WW,2023-11-02T00:00:00Z,13053,3783,81386,455
1477376905,WW,2023-11-03T00:00:00Z,3853,57557,493,10152
1477376905,WW,2023-11-04T00:00:00Z,3289,77880,424,5858
1477376905,WW,2023-11-05T00:00:00Z,424,3287,99747,10436
1477376905,WW,2023-11-06T00:00:00Z,3685,136057,423,7130
1477376905,WW,2023-11-07T00:00:00Z,3991,157197,392,11449
1477376905,WW,2023-11-08T00:00:00Z,4154,96198,396,7429
1477376905,WW,2023-11-09T00:00:00Z,3977,77903,453,14154
1477376905,WW,2023-11-10T00:00:00Z,3654,63097,412,12833
1477376905,WW,2023-11-11T00:00:00Z,410,3174,55816,8766
1477376905,WW,2023-11-12T00:00:00Z,420,3311,87376,5779
1477376905,WW,2023-11-13T00:00:00Z,3485,60211,7209,438
1477376905,WW,2023-11-14T00:00:00Z,4021,149522,5207,429
1477376905,WW,2023-11-15T00:00:00Z,4398,96096,476,4580
1477376905,WW,2023-11-16T00:00:00Z,4018,102319,594,11165
1477376905,WW,2023-11-17T00:00:00Z,4137,70576,10663,426
1477376905,WW,2023-11-18T00:00:00Z,444,3558,92864,6711
1477376905,WW,2023-11-19T00:00:00Z,3393,103527,421,15039
1477376905,WW,2023-11-20T00:00:00Z,3479,137617,9257,411
1477376905,WW,2023-11-21T00:00:00Z,3997,113607,483,10723
1477376905,WW,2023-11-22T00:00:00Z,4077,54104,517,5969
1477376905,WW,2023-11-23T00:00:00Z,434,4519,63245,11875
1477376905,WW,2023-11-24T00:00:00Z,4382,46966,491,13219
1477376905,WW,2023-11-25T00:00:00Z,3531,77366,477,6738
1477376905,WW,2023-11-26T00:00:00Z,3521,70134,10299,417
1477376905,WW,2023-11-27T00:00:00Z,9994,3633,80355,424
1477376905,WW,2023-11-28T00:00:00Z,8542,4473,99689,387
1477376905,WW,2023-11-29T00:00:00Z,6384,4310,70867,405
1477376905,WW,2023-11-30T00:00:00Z,424,21093,3791,151080
1477376905,WW,2023-12-01T00:00:00Z,20276,3948,85441,422
1477376905,WW,2023-12-02T00:00:00Z,402,7549,3274,105980
1477376905,WW,2023-12-03T00:00:00Z,7625,3671,82961,362
